Soil moisture,Temperature,Humidity,Stress Level
567,31.2,93.6,3
567,31.2,93.6,3
307,30.5,74.6,4
308,30.4,76.6,4
308,30.4,76.6,4
307,30.3,77.1,4
307,30.3,76.5,4
307,30.3,78.1,4
307,30.3,78.8,4
307,30.3,78.8,4
308,30.2,77.5,4
307,30.2,77.6,4
307,30.2,77.6,4
307,30.2,78.7,4
307,30.2,78.5,4
307,30.1,78.5,4
307,30.1,78.9,4
307,30.1,80.4,4
307,30.1,78.9,4
307,30,77.6,3
307,30,79.7,3
307,30,78.9,3
307,29.9,77.3,3
307,29.8,77,3
307,29.7,77.9,3
307,29.6,77.8,3
306,29.6,79.1,3
306,29.6,80.6,3
306,29.5,78.7,3
306,29.5,80.6,3
307,29.5,79.7,3
307,29.4,81.3,3
306,29.4,79.2,3
306,29.4,79.8,3
306,29.4,80.7,3
306,29.4,80.7,3
306,29.5,79.2,3
307,29.5,79.1,3
307,29.6,79.9,3
306,29.6,81.9,3
306,29.7,79.1,3
306,30.3,75.6,4
306,30.2,76.7,4
306,30.2,76.2,4
306,30.2,74.7,4
306,30.2,75.8,4
306,30.2,75.7,4
587,31.2,95,3
587,31.2,95,3
309,25.9,94.4,3
284,26,92.6,3
310,26,95,3
297,25.9,95,3
281,25.9,98.2,3
265,25.9,92.7,3
228,28.9,80.4,3
225,28.8,80.9,3
314,28.8,79.9,3
532,30.2,96.3,3
209,25.8,95.7,3
212,25.7,95,3
214,25.8,93.7,3
204,25.8,95,3
204,25.8,93.7,3
204,25.8,97.7,3
587,25.9,97.7,2
587,27.4,88.5,2
215,27.5,88.4,3
215,27.5,87.5,3
214,27.5,84.6,3
215,27.5,86.8,3
213,27.4,83.9,3
215,27.4,80.8,3
214,27.5,83.6,3
213,27.5,81.5,3
213,27.5,86.3,3
215,27.4,82.3,3
213,27.5,86.3,3
268,28.8,78.3,3
265,28.8,78.2,3
265,28.8,78.9,3
267,28.8,77.9,3
268,28.8,78.1,3
265,28.8,79,3
265,28.8,78.9,3
266,28.8,77,3
268,28.7,78.5,3
265,28.7,77.6,3
265,28.7,78.5,3
265,28.7,78.5,3
268,28.8,81.2,3
265,28.7,80.5,3
265,28.7,80,3
266,28.7,78.6,3
265,28.7,78.3,3
265,28.7,79.8,3
265,28.7,78.3,3
268,28.7,79,3
266,28.6,78.3,3
265,28.7,78.5,3
265,28.7,78,3
268,28.7,77.1,3
265,28.7,79.6,3
264,28.7,79,3
265,28.6,79.5,3
268,28.6,79,3
266,28.6,79.3,3
264,28.6,79,3
265,28.6,78.5,3
268,28.6,79,3
265,28.6,78.3,3
589,28.5,76.8,1
589,28.5,77.6,1
264,28.5,78.5,3
265,28.5,77.6,3
268,28.5,78.1,3
264,28.5,77,3
264,28.5,78,3
265,28.5,77.8,3
268,28.5,78.5,3
266,28.5,77.3,3
264,28.5,79.5,3
264,28.4,78.6,3
268,28.4,78,3
266,28.4,77.9,3
264,28.4,78.3,3
587,29.7,95,2
587,29.7,95,2
268,25.2,95,3
268,27.4,89.1,3
268,27.4,90.1,3
228,25.2,95,3
228,25.2,95,3
230,25.3,95,3
228,25.3,95,3
230,25.3,95,3
227,25.3,95,3
227,25.2,95,3
229,25.2,95,3
229,25.2,95,3
227,25.2,95,3
232,28.6,83.8,3
230,28.6,82.6,3
230,28.7,82.3,3
233,28.7,82.8,3
230,28.7,81.6,3
231,28.8,82,3
235,28.7,82.8,3
229,28.6,83.2,3
237,28.5,82.6,3
233,28.6,80.5,3
230,28.7,79.1,3
238,28.8,77.4,3
231,28.8,79.5,3
231,30,62.7,2
231,30,62.5,2
237,30,63.2,2
231,30,62.2,2
231,30,61.7,2
237,30,62,2
232,30,62.2,2
232,29.9,63.5,2
235,29.9,64,2
234,29.9,65.7,2
232,29.9,65.5,2
229,29.9,65.2,2
232,29.9,66.3,2
213,28.9,83.7,3
502,28.9,84.8,1
502,27.6,89,2
215,27.6,96,3
212,27.6,87.8,3
214,27.6,96.5,3
213,27.5,93,3
203,29,86.9,3
213,29,86.9,3
195,29,86.7,3
196,28.9,86,3
196,28.9,86.3,3
196,28.9,85.8,3
196,28.9,86,3
196,28.9,85.8,3
196,28.9,85.8,3
196,28.9,85.8,3
196,28.9,85.8,3
196,28.9,85.8,3
196,28.9,85.8,3
196,28.9,85.8,3
196,28.9,85.8,3
196,28.9,85.8,3
196,28.9,85.8,3
196,28.9,85.8,3
196,28.9,85.8,3
196,28.9,85.8,3
196,28.9,85.8,3
196,28.9,85.8,3
196,28.9,85.8,3
196,28.9,85.8,3
196,28.9,85.8,3
196,28.9,85.8,3
196,28.9,85.8,3
196,28.9,85.8,3
196,28.9,85.8,3
196,28.9,85.8,3
196,28.9,85.8,3
196,28.9,85.8,3
196,28.9,85.8,3
196,28.9,85.8,3
196,28.9,85.8,3
196,28.9,85.8,3
196,28.9,85.8,3
196,28.9,85.8,3
196,28.9,85.8,3
196,28.9,85.8,3
196,28.9,85.8,3
196,28.9,85.8,3
196,28.9,85.8,3
196,28.9,85.8,3
196,28.9,85.8,3
196,28.9,85.8,3
196,28.9,85.8,3
196,28.9,85.8,3
196,28.9,85.8,3
196,28.9,85.8,3
196,28.9,85.8,3
196,28.9,85.8,3
196,28.9,85.8,3
196,28.9,85.8,3
196,28.9,85.8,3
196,28.9,85.8,3
196,28.9,85.8,3
196,28.9,85.8,3
196,28.9,85.8,3
196,28.9,85.8,3
234,28.3,88.7,3
235,28.3,87.2,3
232,28.3,88.4,3
232,28.3,88.4,3
232,28.3,88.4,3
232,28.3,88.4,3
232,28.3,88.4,3
232,28.3,88.4,3
503,28.9,83.7,1
503,28.9,84.8,1
214,27.6,89,3
558,27.6,96,2
558,27.6,87.8,2
214,27.6,96.5,3
213,27.5,93,3
203,29,86.9,3
213,29,86.9,3
195,29,86.7,3
196,28.9,86,3
196,28.9,86.3,3
196,28.9,85.8,3
196,28.9,86,3
196,28.9,85.8,3
196,28.9,85.8,3
350.63,25.68,89.26,3
593.6,28.01,82.62,1
614.17,26.44,67.22,1
381.92,25.63,65.63,2
337.84,23.93,91.66,3
149.23,27.04,70.05,3
579.4,24.13,66.28,1
510.37,30.48,95,3
374.74,31.49,70.82,4
412.72,23.37,64.37,1
639.71,29.08,76.16,1
629.05,25.4,75.2,1
223.87,25.95,92.44,3
612.43,30.96,64.7,1
415.65,18.99,63.19,2
181.55,19.22,63.25,3
300.66,18.28,91.65,4
518.43,29.66,75.73,1
638.19,28.89,65.27,1
182.84,30.18,80.78,4
473.6,31.7,78.82,3
513.31,29.19,66.94,1
280.18,24.46,81.11,3
558.85,28.93,71.91,1
179.93,19.66,68.34,3
259.01,26.96,77.86,3
120.28,20.01,70.21,3
411.59,31.23,67.77,2
272.79,25.31,90.79,3
165.28,23.81,65.45,2
630.91,21.7,69.82,1
235.23,28.84,73.51,3
449.05,24.39,69.58,1
277.45,25.96,67.37,2
466.55,18.26,86.99,4
499.49,26.65,71.52,2
540.84,26.57,63.94,1
291.52,26.64,78.93,3
147.41,31.21,64.39,3
617.22,27.55,72.51,1
682.19,23.03,90.86,2
634.01,24.12,72.92,1
167.91,27.77,82.14,3
575.38,18.84,78.01,2
401.88,27.33,64.82,1
486.63,27.39,82.72,2
474.79,20.95,89.96,3
430.32,19.8,63.26,2
511.55,22.42,86.38,2
477.47,23.09,84.16,2
454.57,25.98,90.33,3
202.84,24.14,63.64,2
621.66,31.84,70.7,2
557.03,19.43,84.3,2
679.33,20.92,60.77,1
579.21,20.26,85.69,2
457.86,27.14,90.03,3
651.96,21.55,75.87,1
499.47,24.53,75.2,2
299.88,21.42,69.75,2
221.79,20.23,60.18,2
470.5,19.55,66.52,2
546.98,27.19,94.3,2
598.01,19.93,90.36,3
285.47,20.75,69.33,2
643.16,23.16,93.73,2
455.22,29.49,72.87,2
539.39,19.36,70.42,2
588.72,29.73,65.35,1
660.14,19.35,91.56,3
288.19,31.67,94.54,4
347.63,24.56,71.46,3
641.98,31.67,84.62,2
604,26.47,71.74,1
351.5,28.35,63.67,2
391.06,18.55,73.74,4
535.95,21.96,79.3,1
155.52,19.68,64.31,3
333.04,22.15,88.64,3
239.61,19.66,77.41,4
420.9,22.45,68.2,1
567.82,23.8,80.75,1
195.36,18.9,87.76,4
692.31,27.69,71.47,1
390.92,25.93,84.55,3
568.35,21.72,74.98,1
324.4,25.33,93.74,3
403.12,19.32,86.98,4
679.62,26.06,72.47,1
520.35,31.01,60.62,1
134.88,22.46,83.01,3
254.55,27.34,66.93,2
270.37,19.85,64.27,3
676.17,28.03,92.61,2
566.35,22.05,95,2
513.61,20.56,69.45,1
160.4,26.21,70.56,3
586.21,18.28,65.77,1
225.37,29.61,76.02,3
206.29,18.07,90.3,4
623.93,27.49,84.55,1
122.92,21.78,89.62,3
156.7,28.29,68,2
653.26,31.47,85.57,3
265.9,21.48,92.15,3
569.12,26.07,69.85,1
501.16,26.29,84.17,1
185.09,26.01,74.02,3
581.06,21.12,70.16,1
240.29,31.34,93.94,4
523.35,24.26,72.2,1
340.89,29.85,63.77,2
435.96,27.79,73.6,2
668.8,22.16,75.67,1
270.32,29.39,86.33,3
294.64,23.55,93.25,3
289.66,30.34,88.6,4
334.61,26.14,92.58,3
454.44,30.34,76.63,3
584.15,27.7,85.18,2
638.01,28.15,70.82,1
155.49,25.02,62.44,2
497.06,31.39,72.79,3
463.59,27.02,84.43,2
468.54,23.93,69.61,1
580.13,26.49,90.15,2
663.96,18.27,87.68,3
553.99,22.22,66.79,1
219.54,27.24,71.58,3
673.7,22.06,88.89,2
621.82,26.65,68.54,1
293.8,24,71.61,3
190.91,19.9,72.01,4
587.47,22.18,88.04,2
686.28,25.98,61.3,1
193.94,26.27,62.58,2
497.79,26.04,80.25,2
125.71,27.14,73.9,3
140.59,27.13,82.15,3
575.41,24.04,69.33,1
593.04,30.55,91.84,3
322.62,23.15,86.63,3
379.82,24.1,62.37,2
572.1,30.49,87.44,3
617.47,29.29,93.94,2
280.14,27.85,92.99,3
574.89,19.4,85.74,3
236.51,30.87,64.33,3
379.46,28,80.16,3
536.96,31.98,69.95,1
517.76,20.09,93.96,2
411.33,30.15,85.11,4
508.53,20.27,81.38,1
149.31,26.62,84.33,3
287.2,19.73,75.33,4
245.44,29.87,73.05,3
167.44,29.3,92.75,3
240.46,25.97,71.62,3
618.82,23.7,61.45,1
639.84,18.97,74.03,2
429.2,27.76,87.66,3
400.95,24.35,82.7,2
388.64,28.11,93.68,3
676.25,30.13,63.72,1
665.67,31.66,91.9,3
245.56,29.98,72.91,3
175.1,18.16,76.59,4
151.54,23.04,75,3
327.44,28.22,64.08,2
362.17,20.4,68.67,2
263.65,25.29,85.98,3
653.73,18.76,60.81,1
605.55,20.8,64.69,1
551.79,18.26,60.88,1
400.66,29.11,90.01,3
634.17,21.13,81.61,1
668.21,22.83,65.95,1
634.85,30.99,86.91,3
271.59,27.86,93.84,3
621.25,18.45,92.71,3
323.21,20.31,92.25,3
191.5,26.7,60.27,2
551.3,26.08,80.62,1
589.15,21.33,68.98,1
692.33,31.08,79.76,2
398.96,26.6,71.13,3
265.59,25.5,65.38,2
157.93,26.26,75.56,3
359.65,28.22,77.33,3
454.91,22.37,94.64,3
407.97,23.58,61.48,1
214.42,20.94,70.54,3
335.5,20.61,89.82,3
652.39,31.22,83.09,2
386.39,28.35,88.93,3
417.09,24.87,83.11,2
393.71,21.18,86.58,3
343.13,21.56,77.25,3
155.16,18.81,67.17,3
252.93,24.08,88.35,3
410,22.37,79.87,2
458.97,27.75,64.88,1
397.32,23.29,88.17,3
331.06,20.51,93.55,3
586.03,18.35,72.12,2
522.96,18.94,70.27,2
668.34,27.51,62.86,1
136.09,24.35,83.26,3
551.57,25.51,93.56,2
155.6,30.55,64.76,3
288.77,31.86,76.98,4
651.92,21.04,63.44,1
569.71,27.28,61.19,1
503.97,21.69,83.26,1
351.82,18.29,90.37,4
148.9,28.62,71.81,3
270.95,22.48,90.65,3
398.9,23.37,64.1,2
365.21,26.24,68.33,2
385.72,29.63,91.56,3
137.58,26.81,77.8,3
487.18,30.22,81.29,3
381.56,21.83,61.33,2
129.74,29.17,64.49,2
664.74,20.6,61.95,1
234.67,31.34,91.68,4
218.36,27.62,64.72,2
557.95,21.02,89.74,2
322.22,31.26,72.29,4
474.7,28.23,88.02,3
123.46,21.56,72.78,3
370.23,20.99,69.37,2
134.4,25.25,63.28,2
241.55,18.36,69.82,3
232.94,20.9,76.5,3
683.14,23.95,88.61,2
295.4,23.24,75.84,3
606.77,24.49,94,2
364.04,21.89,78.96,3
620.04,26.21,60.87,1
504.42,30.09,74.54,2
124.11,19.65,84.11,4
184.73,25.24,68.2,2
138.18,19.85,84.45,4
172.46,28.04,77.63,3
247.78,23.54,60.9,2
575.64,25.92,87.1,2
545.53,20.57,79.61,1
261.93,20.03,62.89,2
346.45,24.83,76.63,3
618.5,22.98,70.06,1
161.95,31.17,90.79,4
447.59,28.71,69.97,1
186.72,28.48,92.96,3
696.55,30.65,79.11,2
376.15,19.17,71.33,4
650.86,25.73,88.47,2
208.73,26.18,84.41,3
694.38,31.47,74.49,2
154.4,22.09,82.04,3
154.17,21.37,87.25,3
597.48,19.4,89.8,3
570.42,18.23,88.57,3
263.8,31.01,65.81,3
263.17,27.38,88.99,3
394.14,28.99,62.05,2
667.29,21.94,67.01,1
483.01,26.21,81.8,2
602.87,18.9,64.01,1
622.92,24.8,81.12,1
197.98,31.68,70.78,4
455.71,30.27,75.03,3
692.43,22.73,71.03,1
175.47,31.46,62.46,3
377.26,21.24,77.53,3
563.61,31.29,93.73,3
693.95,31.18,81.41,2
189.44,29.19,70.5,3
354.57,26.83,93.47,3
556.72,30.24,73.62,2
464.57,22.1,84.41,2
629.62,29.89,82.19,1
179.25,26.65,93.35,3
434.66,18.19,92.01,4
473.33,22.86,65.18,1
592.27,20.07,63,1
610.46,31.75,88.34,3
395.02,24.7,91.67,3
470.51,24.96,77.25,2
124.55,26.95,84.18,3
519.64,23.16,62.44,1
128.96,19.92,67.69,3
495.31,29.51,65.23,1
413.42,20.66,81.04,2
673.35,25.16,66.91,1
214.58,21.14,62.09,2
342.59,19.37,70.58,4
617.23,30.07,83.7,2
418.18,31.62,80.23,3
592.48,31.45,71.58,2
414.31,30.69,89.17,4
515.79,28.84,69.67,1
631.29,22.66,69.12,1
151.79,19.14,79.6,4
630.9,23.7,76.74,1
223.8,21.25,75.61,3
558.07,19.85,65.45,1
448.18,18.75,77.66,3
313.09,28.16,69.07,2
675.94,18.16,73.73,2
608.03,28.79,85.67,2
285.62,20.06,92.79,3
237.56,19.11,87.09,4
328.21,19.25,74.2,4
312.63,27.41,80.76,3
212.66,21.44,86.13,3
663.7,23.89,74.5,1
634.82,25.8,72.61,1
627.41,30.05,64.73,1
384.31,28.18,85.77,3
577.97,21.78,89.35,2
329.01,19.84,71.08,4
619.15,18.78,87.42,3
645.74,22.22,81.36,1
432.21,21.67,87.44,3
396.19,24.39,74.4,3
428.97,27.57,86.17,3
258.11,27.74,74.3,3
173.28,21.97,63.11,2
344.41,23.32,79.27,3
574.76,20.54,75.9,1
515.42,29.04,68.85,1
607.71,18.8,91.22,3
381.85,27.76,73.4,3
192.08,28.9,61.37,2
423.12,28.88,73.37,2
142.9,21.63,74.86,3
369.9,23.23,90.16,3
236.82,26.23,87.97,3
609.66,21.82,67,1
194.78,23.19,89.37,3
395.29,20.76,68.68,2
343.38,24.44,71.97,3
610.32,18.62,62.69,1
445.74,29.2,61.94,1
395.47,19.08,83.83,4
465.79,25.26,92.32,3
254.64,22.3,77.26,3
422.4,26.09,89.54,3
323.02,31.43,87.78,4
183.17,27.04,83.26,3
579.07,18.5,94.24,3
329.26,24.03,88.08,3
281.77,25.14,69.62,2
120.33,25.51,87.62,3
142.04,27.54,84.24,3
266.07,21.89,73.98,3
311.13,19.8,62.69,3
525.49,23.5,67.5,1
333.7,31.39,87.9,4
581.98,20.62,68.7,1
460.56,30.66,94.93,4
323.33,25.61,84.29,3
211.29,24.4,76.7,3
120.79,30.35,79.97,4
342.21,24.42,81.38,3
355.9,28.14,93.91,3
331.06,23.59,65.66,2
585.39,30.66,69.53,1
175.42,27.66,84.84,3
186.64,27.79,68.4,2
255.41,22.59,90.5,3
417.96,28.59,72.13,2
541.02,26.9,66.33,1
644.12,21.36,61.67,1
274.92,20.25,80.85,3
194.12,29.15,88.88,3
415.34,31.43,69.58,2
293.76,24.41,92.11,3
691.01,26.27,86.52,2
143.11,30.01,62.15,3
230.72,24.4,80.04,3
557.06,31.33,79.86,2
344.1,26.06,67.08,2
446.1,29.49,71.71,2
592.96,30.72,76.04,2
506.78,29.42,61.68,1
470.06,20.23,65.24,1
515.46,26.8,65.74,1
157.26,23.58,73.27,3
176.72,18.88,86.16,4
472.38,23.94,89.1,3
333.35,21.62,65.7,2
697.51,29.89,86.32,2
595.98,18.47,83.47,2
657.36,31.43,91.17,3
224.67,22.98,93.91,3
482.34,22.99,64.36,1
136.17,18.23,62.82,3
546.38,20.59,87.99,2
144.49,23.62,65.68,2
510.97,31.01,66.81,1
243.17,19.39,90.87,4
462.89,31.23,92.86,4
280.07,30.17,71.15,4
132.99,24.36,89.48,3
517.61,22.57,90.06,2
380.22,21.26,81.19,3
540.05,26.6,79.81,1
152.65,18.46,80.15,4
427.52,18.22,70.55,3
151.47,24,81.66,3
203.43,18.95,68.53,3
574.96,21.53,66.22,1
252.63,21.1,74.45,3
174.13,21.54,84.7,3
202.25,19.83,81.75,4
202.03,18.17,93.77,4
609.42,19.62,82.63,2
462.17,26.66,64.95,1
579.56,31.64,65.64,1
269.19,31.86,63.26,3
483.28,23.73,66.69,1
641.37,20.28,80.93,1
429.69,26.94,89.34,3
625.03,24.86,91.29,2
246.47,31.85,74,4
680.82,18.91,79.55,2
166.22,28.97,88.32,3
561.44,22.04,70.92,1
237,21.38,80.85,3
187.79,27.28,66.09,2
444.24,21.44,76.68,2
303.87,27.32,66.06,2
249.06,25.24,76.18,3
374.69,23.94,73.89,3
693.28,25.77,75.16,1
486.95,22.02,68.53,1
281.59,27.89,64.76,2
691.82,23.81,69.65,1
281.92,23.05,68.39,2
537.4,29.6,85.7,2
272.73,30.95,85.09,4
569.1,18.64,80.46,2
493.51,21.26,63.2,1
452.17,22.88,79.82,2
386.16,29.41,62.77,2
260.85,31.8,60.64,3
473.47,31.57,72.34,3
627.12,30.67,68.42,1
138.16,22.15,80.81,3
544.95,31.89,92.5,3
630.36,21.49,85.19,2
477.79,19.48,86.86,4
269.89,31.31,93.28,4
323.86,21.27,82.19,3
554.31,27.66,80.22,1
332.76,18.82,81.07,4
124.68,28.23,90.3,3
181.2,30.34,73.58,4
285.5,21.81,87.84,3
348.04,23.31,82.83,3
331.31,23.24,70.66,3
587.73,28.48,60.48,1
248.52,21.33,67.35,2
357.98,20.41,84.5,3
592.25,24.29,80.29,1
580.19,22.26,69.61,1
239.03,29.75,75.2,3
331.16,21.33,83.14,3
210.66,25.03,64.45,2
172.26,31.2,75.13,4
441.43,26.88,74.58,2
305.31,30.14,78.99,4
417.94,31.16,78.27,3
460.99,28.51,72.87,2
471.59,27.79,86.7,3
665.64,31.55,62.35,1
256.1,31.92,61.24,3
640.89,24.33,74.71,1
149.76,18.99,91.38,4
137.62,22.1,69.71,2
183.09,20.13,66.03,2
493.34,23.84,92.49,3
427.57,19.84,65.89,2
214.03,26.46,73.12,3
205.78,23.36,85.52,3
427.07,30.54,69.13,2
676.22,31.55,68.04,1
225.98,25.66,73.92,3
270.3,21.85,87.56,3
189.94,26.29,91.88,3
464.87,30.55,61.1,2
657.53,23.69,65.78,1
258.05,25.73,93.55,3
394,21.8,80.75,3
646.42,24.38,79.3,1
530.8,23.62,88.47,2
426.41,21.48,61.39,1
490.8,25.08,60.48,1
543.89,22.35,93.86,2
542.52,23.22,89,2
401.29,25.35,86.16,3
283.26,28.51,65.45,2
239.58,22.67,76.68,3
652.8,30.94,92.81,3
153.78,30.07,92.68,4
315.5,18.68,60.32,3
520.23,21.55,86.34,2
468.04,24.25,60.22,1
371.27,19.46,94.45,4
180.46,22.88,74.59,3
200.93,28.36,94.07,3
523.98,27.53,72.87,1
400.54,26.71,70.26,2
316.94,27.95,71.07,3
337.38,20.87,85.57,3
368.64,22.78,66.99,2
516.17,27.47,90.24,2
468.55,30.31,80.67,3
160.88,25.61,93.95,3
211.34,21.96,94.55,3
160.92,18.42,66.48,3
140.06,27.94,93.45,3
570.08,18.11,61.63,1
613.56,23.22,60.98,1
361.38,25.43,93.04,3
681.93,30.91,93.68,3
620.89,19.25,65.15,1
619.02,23.68,75.48,1
332.97,18.34,77.29,4
673.52,22.8,90.11,2
554.38,26.71,81.98,1
325.14,21.91,87.11,3
635.52,20.94,76.98,1
122.39,19.62,82.69,4
451.52,26.08,85.74,3
421.7,27.73,85.83,3
167.44,27.41,60.06,2
620.17,31.28,63.5,1
283.39,18.04,72.73,4
338.28,27.06,62.14,2
395.59,26.41,73.4,3
593.82,26.24,73.63,1
465.06,31.48,92.21,4
447.1,18.24,79.85,3
330.18,27.75,84.72,3
282.22,29.39,91.05,3
397.31,25.14,75.47,3
268.33,22.68,60.07,2
316.92,29.07,69.99,2
375.42,19.36,88.5,4
609.23,24.19,91.56,2
659.7,25.28,72.3,1
601.25,27.72,70.29,1
424.91,19.27,92.36,4
532.7,21.19,72.29,1
314.42,23.74,82.83,3
386.33,26.73,69.81,2
665.48,30.42,63.43,1
325.87,26.66,77.54,3
220.33,19.87,92.31,4
393.81,31.73,81.65,4
498.5,30.21,67.31,2
193.38,25.04,83.89,3
190.82,30.91,86.89,4
296.14,25.58,71.23,3
646.44,30.93,79.57,2
511.27,29.62,83.87,1
248.72,31.56,65.61,3
470.02,30.88,93.74,4
502.94,18.5,75.79,2
423.37,20.45,94.29,3
560.44,23.45,66.64,1
134.35,31.33,76.93,4
230.85,22.2,65.8,2
680.5,20.25,60.36,1
408.69,30.41,68.33,2
164.38,24.25,74.11,3
298.74,30.71,75.09,4
121.03,20.24,91.03,3
456.06,27.26,82.25,2
699.7,24.16,75.21,1
462.26,19.07,94.58,4
473.84,27.75,81.5,2
310.08,21.46,71.29,3
257.48,18.55,84.2,4
414.73,18.84,77.35,3
641.88,18.86,90.84,3
125.66,30.71,91.38,4
450.4,28.36,72.86,2
368.54,30.57,79.68,4
480.28,27.42,69.3,1
607.18,25.41,81.93,1
380.45,22.26,94.73,3
246.26,31.97,89.14,4
338.43,23.07,72.82,3
207.32,24.59,63.34,2
169.24,23.3,93.83,3
338.01,31.71,73.64,4
482.91,20.45,70.27,2
272.44,22.59,71.07,3
651.1,27.52,77.15,1
519.59,18.88,93.49,3
518.06,26.5,94.53,2
521.19,24.69,70.36,1
120.98,21.98,72.3,3
591.54,21.34,77.91,1
652.21,25.2,60.29,1
131.25,23.15,66.12,2
467.01,24.39,92.76,3
512.41,22.72,61.03,1
233.82,31.59,63.53,3
606.16,19.87,74.72,2
482.98,19.36,85.6,4
250.53,22.81,69.41,2
680.97,26.27,70.71,1
245.2,27.23,70.69,3
513.58,23.56,90.54,2
394.86,31.99,67.91,3
539.51,22.93,79.68,1
176.7,28.1,95,3
672.48,26.93,85.5,2
238.6,29.38,71.77,3
247.82,31.67,86.79,4
441.34,30.46,93.39,4
322.85,28.7,73.07,3
376.44,27.78,84.78,3
141.52,22.7,62.65,2
256.23,20.07,91.34,3
568.65,18.88,63.37,1
643.28,21.39,73.05,1
255.42,24.05,78.99,3
568.54,25.31,69.23,1
136.79,28.82,82.72,3
145.94,31.42,79.41,4
347.95,19.64,85.1,4
205.79,19.5,72.39,4
216.36,26.26,79.11,3
483.89,28.44,88.43,3
617.74,29.87,88.37,2
571.8,31.1,85,2
315.17,31.77,78.97,4
627.63,23.6,83.56,1
607.98,23.32,63.04,1
424.04,20.07,76.5,2
396.01,27.59,90.11,3
153.91,27.19,81.26,3
207.3,30.07,92.96,4
169.54,19.36,69.18,3
425.53,24.97,63.37,1
512.45,26.14,81.93,1
478.89,21.38,63.18,1
626.27,20.37,87.37,2
502.05,30.03,68.99,1
601.23,18.82,78.86,2
201.45,24.59,88.4,3
219.56,19.62,87.58,4
652.68,24.4,77.36,1
325.73,31.72,94.15,4
245.86,23.93,77.42,3
649,30,69.76,1
682.66,19.64,70.59,2
489.91,21.8,86.03,3
345.24,23.65,75.3,3
519.26,23.6,74.66,1
129.02,27.4,60.72,2
203.93,22.83,70.68,3
333.85,27.99,90.11,3
602.69,26.95,88.12,2
296.5,23.59,86.13,3
153.57,24.04,60.81,2
339.67,26.6,60.94,2
259.93,18.98,70.9,4
152.51,29.51,76.61,3
351.38,27.15,91.84,3
323.82,28.17,73.46,3
545.63,25.52,70.1,1
156.66,19.55,79.99,4
339.85,23.67,92.01,3
318.61,23.68,85.85,3
495.16,22.49,89.98,3
634.99,18.42,66.38,1
202.93,28.32,64.4,2
593.43,19.54,79.04,2
473.64,26.49,84.41,2
136.96,27.85,93.42,3
564.8,26.89,73,1
431.86,31.43,72.13,3
583.96,19.45,78.05,2
357.14,30.14,83.97,4
505.99,18.41,79.81,2
235.31,25.49,85.31,3
231.27,23.66,73.31,3
317.35,25.34,90.18,3
421.28,23.11,66.4,1
535.59,20.67,71.06,1
506.75,18.27,87.08,3
596.38,25.25,71.75,1
367.31,29.8,83.39,3
649.27,23.23,70.07,1
183.32,21.12,66.55,2
228.58,19.13,70.53,4
516.56,19.19,91.04,3
267.19,21.1,76.13,3
215.46,19.4,67.89,3
634.17,21.71,71.25,1
159.67,18.93,60.1,3
695.05,18.92,86.45,3
620.3,29.99,67.9,1
623.59,20.27,80.93,1
484.65,25.84,60.88,1
250.42,28.83,89.21,3
582.89,24.39,66.56,1
151.2,20.15,60.17,2
457.63,20.79,70.54,2
374.71,24.06,92.22,3
555.24,25.4,69.19,1
133.79,22.89,77.62,3
344.34,28.94,74.25,3
396.71,28.51,70.3,3
208.37,30.98,92.46,4
360.54,18.41,87.61,4
648.08,30.54,86.67,3
391.81,23.5,78.41,3
266.03,30.3,88.87,4
428.75,27.67,76.05,2
155.29,31.82,76.28,4
290.68,28.63,77.28,3
574.51,23.1,68.29,1
492.31,25.01,92.33,3
133.91,23.27,69.06,2
450.53,23.11,66.94,1
246.06,21.65,68.53,2
685.93,24.94,88.61,2
574.54,27.54,86.9,2
194.19,21.88,74.95,3
343.62,25.34,60.48,2
404.18,19.64,94.15,4
225.78,20.24,64.64,2
528.48,18.66,89.8,3
608,31.59,87.36,3
122.59,18.05,92.83,4
197.27,20.5,87.07,3
284.41,26.58,71.6,3
690.78,19.14,68.12,1
354.63,30.35,73.22,4
218.75,28.07,67.11,2
190.14,31.53,85.19,4
642.79,25.11,88.93,2
589.94,22.21,82.63,1
479.19,25.69,66.51,1
433.02,31.03,61.31,2
570.75,25.29,80.31,1
304.53,21.74,76.19,3
491.12,30.28,66.99,2
547.37,23.21,72.88,1
453.88,18.02,78.95,3
217.86,21.47,82.15,3
691.82,22.46,76.68,1
590.49,30.02,94,3
404.56,24.42,61.62,1
479.58,24.22,83.04,2
560.84,22.71,91.83,2
385.98,30.33,68.28,3
548.69,31.23,67.48,1
568.3,31.89,86.68,3
386.22,23.27,77.02,3
228.91,31.53,94.73,4
466.7,29.09,80.62,2
441.49,27.46,92.32,3
410.29,21.43,60.43,1
153.98,21.03,65.41,2
570.99,20.32,83.95,1
432.45,30.92,74.58,3
369.78,22.12,89.26,3
592.64,24.34,75.01,1
234.19,24.92,84.95,3
277.58,28.89,79.82,3
491.04,29.82,64.2,1
346.23,19.95,85.13,4
295.78,23.98,84.72,3
267.68,29.8,64.05,2
401.72,29.45,79.67,2
569.81,19.43,71.75,2
587.09,20.19,76.06,1
578.53,22.26,74.8,1
633.67,19.06,63.67,1
149.43,23.95,65.53,2
689.69,19.51,63.04,1
367.35,25.96,66.74,2
231.93,21.45,89.84,3
682.61,26.35,60.86,1
598.61,19.65,75.11,2
659.24,31.66,88.03,3
423.43,31.06,63.51,2
553.69,23.49,67.97,1
421.29,21.39,85.46,3
432.88,21.51,82.66,2
671.87,24.77,79.71,1
548.25,18.56,66.01,1
448.73,26.96,87.81,3
347.79,23.72,64.95,2
215.31,23.28,64.72,2
187.12,29.33,87.83,3
293.81,27.93,72.92,3
521.83,31.36,70.94,2
231.1,22.93,69.75,2
196.25,30.57,71.37,4
165.1,28.78,71.92,3
610.82,23,84.37,1
259.89,26.7,68.41,2
236.49,22.04,71.39,3
346.7,30.24,87.17,4
485.1,19.57,91.96,4
460.03,20.97,81.45,2
655.72,20.56,63.68,1
515.54,23.64,78.96,1
445.94,28.43,81.97,2
532.73,25.38,70.99,1
504.96,24.83,88.98,2
565.14,18.01,87.37,3
452.01,23.96,80.14,2
588.23,18.89,65.08,1
642.03,20.92,84.41,1
523.96,31.05,91.34,3
327.42,21.02,68.75,2
282.39,30.02,93.55,4
489.57,29.24,87,3
486.23,20.23,70.51,2
133.87,26.48,81.59,3
553.32,19.62,70.77,2
248.69,28.19,63.48,2
151.6,26.92,88.85,3
208.86,29.37,83.3,3
500.93,24.71,81.49,1
423.37,30.81,64.98,2
611.22,18.69,73.21,2
181.63,22.1,90.68,3
601.12,28.01,65.72,1
497.53,23.85,61.68,1
244.66,20.42,66.69,2
547.41,19.5,68.76,1
549.97,29.44,87.43,2
182.64,24.62,82.68,3
274.54,30.35,60.61,3
490.54,28.27,60.61,1
340.73,23.74,79.84,3
563.84,23.23,82.17,1
430.9,25.22,64.39,1
617.06,30.45,81.37,2
184.4,28.32,68.41,2
545.57,18.07,71.79,2
389.49,27.72,74.31,3
421.25,30.87,64.07,2
284.75,27.95,93.71,3
276.06,20.48,94.08,3
230.09,24.77,75.58,3
336.54,19.96,69.01,3
258.61,23.03,93.55,3
230.04,31.12,88.63,4
677.84,30.93,85.35,3
379.5,21.96,76.16,3
513.31,22.75,74.37,1
337.01,26.4,87.28,3
450.48,31.48,78.19,3
409.54,20.07,83.12,2
475.36,21.6,79.82,2
539.18,30.23,84.93,2
505.07,24.89,63.29,1
562.02,30.59,73.22,2
204.86,20.6,65.85,2
174.54,25.46,68.47,2
316.56,22.57,67.03,2
399.46,22.43,77.62,3
250.15,24.26,60.66,2
568.47,24.06,93.74,2
537.34,23,78.16,1
649.88,30.81,61.84,1
542.8,28.24,83.87,1
182.14,28.19,69.41,2
505.7,22.06,63.74,1
358.99,26.09,89.06,3
270.58,28.91,66.93,2
469.13,29.14,63.67,1
295.27,22.82,61.99,2
427.9,28.79,85.5,3
454.07,28.3,82.93,2
426.86,19.98,60.29,2
126.2,30.12,67.75,3
322.27,24.18,84.66,3
578.47,24.81,65.32,1
321.2,24.28,80.19,3
415.44,25.95,67.46,1
321.05,26.7,75.72,3
235.56,24.97,90.36,3
235.86,30.14,70.59,4
554.34,26.79,84.01,1
484.21,23.62,75.34,2
660.59,23.83,63.37,1
364.18,29.35,72.62,3
489.21,22.87,89.44,3
391.75,20.96,94.06,3
394.88,18.83,89.58,4
615.37,30.26,65.68,1
383.5,30.86,72.09,4
658.34,19.68,89.09,3
479.89,22.68,79.39,2
169.55,20.46,87.17,3
159.43,19.62,87.22,4
689.74,30.6,62.49,1
351.63,18.8,71.98,4
460.73,31.73,76.77,3
370.32,19.35,93.08,4
212.16,30.09,91.44,4
192.82,25.93,74.81,3
243.36,23.15,63.35,2
471.1,22.79,74.16,2
436.99,28.6,78.76,2
310.58,22.4,91.65,3
145.62,27.2,70.32,3
307.94,25.24,70.81,3
351.02,24.79,81.95,3
558.73,30.62,77.68,2
547.74,25.77,66.86,1
248.42,29.58,65.07,2
252.05,28.16,77.13,3
484.17,18.54,87.28,4
498.03,28.82,87.26,3
445.44,21.04,94.15,3
184.94,30.64,73.4,4
285.72,18.6,73.72,4
138.39,22.66,60.06,2
561.72,19.4,89.05,3
587.77,24.66,82.63,1
653.88,29.48,86.95,2
170.99,22.17,76.47,3
645.6,20.11,92.21,2
652.69,22.62,61.02,1
698.67,29.39,64.03,1
571.18,19.97,73.16,2
272.33,21.18,62.98,2
273.44,18.96,63.08,3
519.17,27.88,79.84,1
514.24,23.53,67.56,1
502.99,22.35,81.93,1
324.81,28.06,92.53,3
421.48,22.7,88.84,3
294.87,28.19,68.7,2
466.14,29.41,63.14,1
567.99,21.05,93.26,2
525.24,31.63,94.81,3
370.85,20.27,73.11,3
424.34,22.07,76.12,2
568,20.52,65.09,1
255.05,22.84,84.86,3
248.35,24.72,74.76,3
401.29,25.31,88.11,3
406.6,29.95,80.21,2
133.61,30.45,61.5,3
457.53,21.08,71.72,2
362.29,26.72,88.3,3
454.3,19.56,84.08,3
650.6,24.43,82.14,1
313.21,22.51,83.54,3
182.54,22.43,81.18,3
239.78,24.76,82.44,3
297.79,28.22,81.71,3
620.81,18.97,78.67,2
438.46,30.31,86.52,4
697.15,28.29,72.93,1
285.32,20.47,76.63,3
159.86,31.15,74.05,4
294.69,25.09,67.32,2
695.71,32,71.27,2
551,20.76,61.93,1
650.74,25.49,71.39,1
465.01,22.06,73.67,2
279.71,22.26,63.27,2
673.57,26.27,67.72,1
252.91,30.9,68.73,3
350.33,29.27,67.96,2
290.16,28.14,72.26,3
493.21,25.83,65.07,1
362.45,30.91,85.6,4
675.12,24.89,71.99,1
681.1,30.23,64.28,1
176.21,29.68,80.78,3
658.43,20.99,66.29,1
582.84,28.8,62.03,1
533.16,18.17,65.72,1
330.42,22.52,74.7,3
514.14,21.21,84.27,1
590.19,25.1,82.45,1
601.65,28.32,60.18,1
587.35,19.37,87.77,3
305.61,25.21,71.75,3
227.31,31.14,83.79,4
435.39,21.2,61.14,1
267.45,27.48,73.78,3
575.29,26.3,60.69,1
145.91,18.14,88.57,4
366.74,24.66,66.54,2
571.58,27.92,83.61,1
166.72,18.62,69.7,3
518.45,30.31,64.74,1
254.02,25.28,92.56,3
193.89,18.43,80.83,4
298.57,21.14,91.17,3
131.22,31.35,70.73,4
485.41,26.15,89.04,3
313.09,19.5,92.96,4
696.35,22.03,73.83,1
176.75,24.39,91.64,3
639.03,18.29,71.73,2
408.82,23.76,71.36,2
188.27,24.85,94.85,3
616.55,21.41,93.33,2
184.41,26.24,68,2
494.6,28.55,89.3,3
262.23,21.3,71.99,3
380.49,26.69,94.27,3
452.35,26.95,89.74,3
653.41,31.28,91.67,3
285.02,28.9,80.08,3
344.86,29.88,70.3,3
235.77,24.87,66.91,2
319.3,20.59,78.48,3
192.97,31.94,83.5,4
437.89,19.81,85.96,4
444.35,24.6,65.96,1
481.56,18.95,78.76,3
253.6,31.21,75.26,4
370.77,31.51,67.29,3
144.03,28.07,79.35,3
143.35,22.9,69.66,2
299.49,21.56,78.73,3
403.7,21.71,67,1
521.92,19.78,91.5,3
560.03,25.36,71.83,1
353.03,19.99,81.36,4
558.25,22.43,64.27,1
542.01,26.77,82.05,1
486.84,28.19,69.52,1
202.15,18.34,93.48,4
286.6,24.02,73.8,3
429.65,27.13,81.26,2
592.08,29.95,67.55,1
353.92,24.65,90.15,3
680.9,31.57,88.15,3
505.93,21.72,68.6,1
301.57,18.19,91.89,4
445.63,24.77,61.41,1
337.54,21.59,86.34,3
648.95,29.53,76.03,1
148.04,21.26,89.24,3
252.77,22.35,76.29,3
176.01,29.08,62.3,2
587.26,28.01,67.93,1
230.83,25.81,94.8,3
550.85,27.87,71.7,1
445.73,23.86,65.61,1
601.53,18.07,88.2,3
697.07,18.16,61.58,1
209.46,25.16,62.32,2
207.24,19.17,70.41,4
489.01,18.72,61.66,2
141.06,31.52,94.85,4
594.1,30.03,84.19,2
338.45,20.13,78.19,3
351.38,18.01,88.18,4
451.79,31.18,83.19,3
318.42,21.9,66.06,2
294.14,20.6,67.69,2
238.88,27.68,90.37,3
536.92,19.52,71.79,2
565.8,21.71,75.67,1
472.7,31.65,73.69,3
256.9,26.95,61.82,2
522.96,25.29,84.66,1
211.56,23.57,78.9,3
629.4,28.84,83.66,1
378.87,19.97,69.74,3
396,31.54,74.24,4
238.41,30.06,66.74,3
477,26.65,74.69,2
691.33,18.6,82.87,2
461.68,27.81,93.06,3
498.36,30.79,83.22,3
287.32,25.34,78.38,3
308.99,22.96,74.57,3
233.89,19.68,63.69,3
418.47,28.57,76.7,2
205.83,30.39,65.43,3
478.72,19.4,80.38,3
389.88,28.63,85.56,3
482.1,18.24,93.13,4
161.02,31.54,70.39,4
632.75,26.61,73.89,1
339.58,25.73,66.4,2
240.02,22.14,90.73,3
410.45,31.01,88.84,4
659.3,21.72,87.12,2
522.69,29.59,62.01,1
317.25,31.79,79.49,4
296.23,28.97,68.23,2
503.55,25.27,64.19,1
171.51,18.93,87.36,4
331.94,24.61,67.41,2
397.63,24.14,77.53,3
561.1,20.84,78.41,1
308.8,23.93,67.46,2
579.45,23.01,77.23,1
573.96,20.29,61.85,1
131.29,24.18,60,2
230.44,21.68,90.81,3
498.97,25.31,74.55,2
407.7,18.49,91.76,4
136.03,30.69,77.37,4
328.6,29.43,75.09,3
482.95,25.74,70.36,2
695.18,29.93,62.86,1
239.99,31.47,70.84,4
208.58,19.55,81.3,4
331.33,26.83,86.7,3
439.53,31.97,78.93,3
505.41,31.83,86.54,3
329.27,26.45,65.52,2
252.5,19.79,80.41,4
123.03,26.16,90.89,3
226.4,18.03,67.63,3
178.04,20.78,67.97,2
260.42,31.39,86.2,4
307.09,22.63,88.42,3
165.67,26.94,68.68,2
355.39,21.93,71.6,3
217.22,31.27,82.11,4
457.19,28.2,73.95,2
339.17,22.62,81.84,3
491,29.08,77.38,2
570.17,19.51,87.08,3
169.13,23.49,89.61,3
341.84,21.1,90.23,3
687.11,27.57,81.4,1
121.34,19.43,81.44,4
386.17,23.56,75.74,3
391.97,21.87,60.97,2
597.76,25.09,70.47,1
288.33,22.9,62.23,2
570.1,27.89,75.32,1
121.28,18.34,89.73,4
404.64,26.88,80.89,2
305.21,21.23,83.64,3
588.73,21.76,66.58,1
353.71,29.2,69.17,2
160.53,31.38,65.71,3
530.86,22.43,89.49,2
127.67,29.58,69.81,2
313.96,19.46,79.68,4
409.03,26.88,64.94,1
550.21,28.51,64.34,1
301.58,20.18,72.17,3
180.38,23.96,71.56,3
598.65,30.5,71.51,2
125.7,19.45,81.03,4
626.42,18.25,71.06,2
181.77,26.27,86.91,3
192.91,24.1,63.17,2
216.41,29.18,71.37,3
206.04,30.93,83.42,4
580.97,22.19,81.1,1
590.37,23.44,64.18,1
218.29,24.81,75.38,3
185.26,26.23,70.82,3
452.04,31.77,82.12,3
525.83,27.76,64.55,1
444.24,23.45,83.47,2
136.06,21.69,76.23,3
564.33,31.22,69.62,1
534.23,19.9,86.16,3
536.01,28.08,66.58,1
240.18,30.96,65.33,3
160.76,27.31,60.54,2
698.42,23.92,90.15,2
397.12,20.79,77.23,3
541.22,23.14,78.09,1
175.92,27.9,64.02,2
412.86,27.09,63.77,1
412.38,30.99,71.68,3
191.26,30.14,78.07,4
323.93,29.43,84.53,3
637.05,30.76,77.47,2
520.32,21.87,89.1,2
544.37,23.17,73.21,1
629.41,23.32,60.98,1
299.97,25.85,74.92,3
578.17,27.36,62.98,1
175.99,22.01,71.27,3
454.98,18.27,94.48,4
429.81,23.59,90.01,3
370.09,22.32,68.28,2
241.32,31.19,73.16,4
367.97,30.44,75.09,4
609.68,30.04,86.74,3
543.81,27.14,61.17,1
375.55,22.82,61.35,2
681.2,25.68,64.1,1
575.47,29.41,81.99,1
145.67,19.38,74.51,4
555.43,29.22,89.71,2
536.75,18.58,69.94,1
148.55,29.43,77.12,3
657.4,29.31,84.74,1
390.88,18.71,79.08,4
258.69,26.78,71.09,3
379.97,25.03,65.34,2
603.59,20.38,78.92,1
265.29,20.08,64.98,2
650.17,28.83,92.88,2
157.55,25.95,78.9,3
171.83,31.76,66.12,3
467.61,31.75,85.22,4
415.68,31.9,63.62,2
509.47,19.66,87.01,3
145.2,31.14,76.01,4
270.94,21.42,64.64,2
527.82,24.41,61.3,1
319.75,28.6,94.77,3
296.7,20.85,69.6,2
595.47,25.93,93.33,2
581.72,20.6,77.56,1
552.09,19.47,77.61,2
484.02,19.63,63.19,2
673.55,23.01,93.27,2
132.21,18.07,85.65,4
208.53,23.95,78.16,3
386.74,27.3,64.21,2
282.8,23.62,66.15,2
290.15,19.2,75.13,4
688.57,18.88,72.68,2
145.65,21.89,79.53,3
135.02,20.37,62.67,2
662.38,31.51,61.41,1
212.85,20.12,77.89,3
144.93,29.28,61,2
385.96,26.21,62.08,2
631.5,25.97,73.17,1
297.52,25.17,62.16,2
660.71,31.6,73.49,2
621.86,23.09,68.46,1
282.64,29.03,66.57,2
372.55,25.77,74.16,3
655.77,23.54,64.2,1
191.51,31.38,72.24,4
155.9,26.38,75.22,3
229.46,19.66,89.05,4
250.86,23.85,92.65,3
224.05,28.94,70.79,3
138.39,27.71,70.24,3
536.24,30.83,79.83,2
213.93,21.63,64.81,2
384.13,28.61,72.24,3
189.83,24.44,61.86,2
332,26.03,73.27,3
350.53,31.37,64,3
649.53,31.71,79.66,2
529.08,30.06,82.46,2
645.56,23.03,94.55,2
403.68,30.43,66.83,2
218.22,26.94,67.25,2
357.59,24.02,93.16,3
464.33,18.5,90.26,4
433.92,28.78,81.56,2
639.86,25.03,89.45,2
463.58,29.01,67.34,1
268.85,28.47,90.59,3
672.5,29.11,90.36,2
220.88,22.21,68.68,2
396.33,29.21,77.79,3
634.84,25.68,92.54,2
531.75,24.63,83.77,1
430.52,27.45,83.12,2
518.94,18.3,79.59,2
373.92,19.43,69.41,3
350.15,22.09,94.24,3
484.15,31.76,75.66,3
547.46,19.96,70.9,2
663.73,22.63,85.5,2
605.2,18.71,81.27,2
677.2,22.64,71.98,1
187.21,22.48,70.63,3
693.89,31.26,67.51,1
236.18,29.83,62.75,2
166.92,23.36,81.9,3
500.95,18.35,77.7,2
510.62,29.63,68.22,1
684.82,27.25,61.93,1
567.19,20.13,60.66,1
347.74,31.94,85.85,4
468.06,19.4,66.59,2
473.48,30.14,69.33,2
563.94,22.12,60.49,1
457.04,24.09,65.27,1
344.14,29.14,90.61,3
515.25,27.49,68.47,1
259.26,31.13,93.39,4
322.74,26.7,65.75,2
161.55,19.37,68.86,3
593.41,30.38,90.37,3
161.18,28.77,74.93,3
293.3,27.97,69.37,2
656.87,18.75,84.25,2
444.46,23.55,61.79,1
246.37,20.34,91.17,3
695.87,29.51,89.45,2
630.82,27.81,63,1
159.54,30.36,87.95,4
253.57,31.53,93.64,4
492.51,28.85,77.22,2
235.31,31.92,79.89,4
431.56,26.61,83.79,2
216.2,18.52,69.34,3
510.17,18.2,82.74,2
428.12,22.79,76.62,2
682.27,29.53,74.19,1
197.61,30.13,91.6,4
427.82,31.45,87.93,4
300.8,18.91,92.71,4
475.36,18.62,89.28,4
237.89,30.79,61.46,3
656.73,22.27,81.23,1
373.99,25.81,84.42,3
370.43,31.75,83.27,4
576.07,23.61,69.52,1
646.36,27.32,74.9,1
406.5,23.61,61.37,1
567.35,28.75,63.29,1
203.49,25.39,79.62,3
266.4,21.33,80.38,3
521.93,21.8,67.04,1
657.51,21.61,75.69,1
187.98,25.45,76.52,3
197.94,27.84,60.4,2
685.63,31.29,64.99,1
172.92,27.72,81.85,3
144.88,28.94,94.75,3
428.42,20.36,82.76,2
250.16,23.24,64.21,2
292.62,23.79,88.75,3
478.38,27.61,75.1,2
323.72,22.14,62.93,2
697.48,22.25,80.99,1
252.37,22.98,67.98,2
621.86,29.34,74.59,1
627.63,26.09,71.14,1
373.8,19.05,82.5,4
698.46,19.1,75.09,2
284.02,23.2,63.64,2
172.82,28.73,67.55,2
448.97,27.64,77.52,2
124.33,27.91,87.62,3
395.01,28.74,60.34,2
605.35,22.02,81.43,1
363.43,25.68,64.06,2
238.32,25.61,81.14,3
268.28,28.35,89.29,3
650.01,31.4,68,1
504.08,21.89,77.34,1
213.56,29.11,87.09,3
388.65,27.24,66.15,2
476.46,26.12,65.34,1
412.98,28.85,91.68,3
575.35,31.22,84.31,2
123.65,18.51,85.78,4
283.02,20.06,89.54,3
453.26,28.59,78.88,2
432.56,19.17,77.09,3
180.37,25.23,79.47,3
221.63,21.08,85.1,3
556.72,21.84,73.68,1
430.18,27.83,63.33,1
491.18,18.42,64.75,2
593.72,30.23,94.09,3
458.62,24.22,61.81,1
302.09,25.03,84.91,3
423.49,25.56,93.03,3
195.63,27.04,64.52,2
277.8,22.83,85.28,3
499.98,19.42,70.59,3
143.84,22.46,68.29,2
120.49,20.35,89.84,3
634.5,25.79,91.83,2
679.31,22.45,72.15,1
645.26,31.41,82.14,2
244.97,31.52,66.16,3
557.7,26.68,87.64,2
384.75,26.64,90.84,3
161.15,31.8,71.15,4
581.09,30.42,82.85,2
588.74,28.71,90.67,2
538.75,22.39,60.54,1
698,23.12,89.95,2
695.43,20.82,80.02,1
224.06,24.82,74.49,3
581.34,31.87,78.29,2
502.7,30.77,88.84,3
541.35,19.66,85.27,3
694.72,18.35,77.54,2
605.24,30.58,77.07,2
347.08,25.52,91.47,3
663.73,20.8,68.13,1
627.6,27.43,63.35,1
529.62,27.02,83.75,1
663.44,19.71,84.58,2
388.11,21.63,79.89,3
533.69,18.84,69.19,1
122.37,20.94,70.36,3
449.78,19.85,81.6,3
539.74,20.71,69.55,1
342.15,27.6,77.49,3
623.39,18.69,71.62,2
401.34,19.43,77.87,3
283.88,19.88,68.03,3
438.68,22.43,66.93,1
645.2,22.18,85.69,2
515.82,21.57,73.5,1
671.05,28.51,68.14,1
379.62,31.97,90.04,4
501.92,25.48,74.06,1
484.47,31.22,64.06,2
258.69,23.55,84.78,3
551.85,19.49,69.8,1
159.44,23.72,79.78,3
453.57,22.15,81.83,2
223.25,24.91,93.69,3
229.24,27.2,66.69,2
688.3,24.45,69.95,1
343.02,31.09,92.63,4
421.37,30.39,85.14,4
505.77,27.83,75.73,1
409.01,24.86,85.72,3
541.01,19.84,74.47,2
135.1,23.56,74.35,3
512.49,27.86,65.47,1
308.15,21.99,78.27,3
630.03,19.46,69.19,1
203.18,30.71,82.18,4
137.77,27.93,73.95,3
155.35,26.61,89.88,3
422.87,29.09,87,3
244.84,29.7,65.18,2
556.84,24.77,80.69,1
152.21,30.34,84.98,4
256.2,30.83,78.01,4
601.54,21.8,63.99,1
146.47,26.51,77.61,3
576.82,25.37,75.15,1
184.82,25.53,71.4,3
608.8,31.13,80.39,2
574.74,22.27,71.37,1
246.88,31.77,68.24,3
353.14,30.63,85.76,4
385.64,24.42,67.47,2
348.39,29.44,88.19,3
242.4,28.77,94.27,3
251.17,27.49,75.44,3
520.6,22.48,88.43,2
207.9,20.75,65.89,2
283.55,27.4,87.91,3
156.55,29.8,93.69,3
246.5,18.23,78.1,4
141.93,27,68.95,2
525.04,24.2,65.63,1
354.57,30.57,92.08,4
339.05,22.5,71.36,3
401.67,24.64,77.4,2
271.55,25.21,75.17,3
328.99,19.97,75.23,4
462.76,27.98,86.78,3
250.22,29.63,92.73,3
387.94,18.81,82.29,4
453.46,22.08,93.5,3
200.09,18.53,66.67,3
298.04,31.39,79.74,4
440.28,27.34,83.99,2
352.73,31.5,85.02,4
535.28,25.44,86.45,2
254.17,29.23,71.66,3
393.02,23.24,90.88,3
596.21,22.95,64.61,1
202.81,23.3,69.75,2
639.06,27.21,76.4,1
379.4,23.03,80.72,3
398.31,30.61,70.33,4
488.83,31.77,91.77,4
434.26,18.43,75.81,3
597.49,20.71,63.51,1
228.25,19.57,88.67,4
195.34,18.59,93.79,4
272.82,21.19,72.12,3
698.73,24.26,79.41,1
177.34,29.72,80.41,3
427.66,21.11,88.06,3
568.56,24.92,65.31,1
602.91,31.01,89.44,3
675.31,27.34,85.26,2
697.2,29.17,61.22,1
440.31,25.71,79.84,2
259.66,31.73,60.98,3
421.54,26.24,77.38,2
546.9,18.64,80.98,2
396.47,20.77,82.22,3
277.94,23.67,92.44,3
596.81,26.42,70.4,1
600.89,28.81,89.56,2
439.38,23.78,75.83,2
468.9,27.94,83.34,2
417.85,29.06,88.28,3
573.64,22.44,85.34,2
634.51,31.71,87.84,3
121.17,27.1,82.26,3
684.7,30.33,88.03,3
319.59,25.78,91.82,3
351.49,28.38,91.65,3
333.26,28.79,71.48,3
609.73,30.72,94.02,3
547.34,20.1,62.02,1
223.77,25.82,81.57,3
356.69,24,77.33,3
121.58,30.92,68.07,3
585.81,19.47,78.73,2
257.04,31.76,62.31,3
168.15,30.26,79.38,4
503.25,19.03,89.91,3
247.08,24.87,64.93,2
438.42,28.05,71.39,2
213.5,28.33,82.09,3
578.26,30.69,72.58,2
689.54,29.2,74.53,1
182.35,22.35,71.85,3
608.02,24.98,76.89,1
404.08,27.83,73.06,2
149.82,19.94,65.05,3
422.36,20.72,66.96,1
399.52,24.73,62.77,2
637.02,22.18,76.37,1
317.43,30.08,89.59,4
559.35,26.21,63.17,1
196.74,22.88,83.06,3
345.33,29.88,74.71,3
432.83,29.27,90.5,3
225.28,31.98,72.72,4
234.71,29.86,84.31,3
262.3,23.8,73.97,3
550.82,19.78,78.97,2
667.22,29.77,87.12,2
193.75,18.84,93.87,4
437.81,22.9,64.72,1
205.32,30.88,78.52,4
151.47,31.45,64.63,3
142.89,26.97,61.07,2
368.77,27.64,86.18,3
366.69,18.59,94.41,4
505.23,25.2,80.84,1
346.16,25.66,62.54,2
253.24,22.76,62.16,2
175.86,18.96,71.01,4
451.27,21.2,73.33,2
246.06,23.01,60.14,2
338.75,24.09,89.49,3
130.17,26.27,76.4,3
264.44,28.11,94.85,3
497.58,22.45,90.95,3
191.42,22.61,77.53,3
503.59,18.28,81.95,2
619.04,18.57,71.01,2
624.23,21.61,70.62,1
211.29,28.36,64.56,2
391.05,26.8,79.09,3
638.85,28.78,62.86,1
543.36,28.76,75.64,1
622.5,29.99,71.26,1
344.4,28.08,87.67,3
409.43,31.71,73.35,3
639.17,30.58,91.55,3
368.83,26.21,66.63,2
508.7,26.23,92.57,2
366.26,18.48,80.77,4
530.64,31.98,64.21,1
475.67,19.84,77.58,3
376.13,28.36,69.38,2
438.43,29.49,86.22,3
466.93,23.22,82.8,2
629.85,20.76,62.2,1
512.59,19.38,74.61,2
533.98,28.48,91.05,2
682.56,24.34,74.27,1
159.24,27.99,86.03,3
228.82,30.82,63.97,3
304.51,20.05,90.34,3
668.72,30.87,77.59,2
252.56,23.76,93.17,3
447.75,22.27,78.81,2
188.3,31.2,86.92,4
276.99,31.87,94.02,4
280.14,20.78,85.53,3
530.91,27.2,80.2,1
183.12,19.49,72.83,4
559.05,27.11,61.49,1
296.06,29.58,75.14,3
545.41,27.58,74.44,1
332.61,23.84,88.81,3
367.31,23.36,66.62,2
192.98,23.5,85.99,3
181.97,26.26,61.31,2
434.27,30.34,91.02,4
489.5,31.01,83.38,3
173.44,18.75,74.79,4
200.87,20.54,69.29,2
138.82,19.57,66.45,3
214.2,20.71,80.5,3
249.09,22.85,74.36,3
520.61,25.09,86.01,2
157.82,26.81,91.74,3
518.7,28.25,70.35,1
355.15,30.46,82.75,4
202.91,31.85,74.8,4
689.75,27.28,61.5,1
412.48,29.84,81.54,2
290.63,28.89,72.73,3
152.19,22.31,60.48,2
302.31,30.26,76.53,4
475.22,18.6,63.21,2
262.55,18.01,81.99,4
450.16,21.83,78.43,2
281.4,24.47,77.51,3
145.78,26.94,92.79,3
359.64,19.42,90.81,4
326.84,27.42,84.99,3
262.62,29.23,80.21,3
426.8,20.59,68.83,1
345.98,23.81,60.29,2
670.97,25.28,64.19,1
480.31,24.33,71.21,2
327.73,29.2,66.89,2
244.32,31.45,79.95,4
505.77,29.19,78.72,1
653.67,19.09,73.64,2
483.73,29.27,88.02,3
601.05,18.93,85.59,3
516.85,21.3,84.08,1
669.37,20.14,77.59,1
356.18,20.77,61.52,2
568.18,25.4,74.98,1
415.33,27.4,77.47,2
148.71,24.58,75.67,3
127.69,31.44,60.16,3
366.57,21.36,82.84,3
502.79,28.68,69.01,1
620.7,30.18,61.56,1
138.92,25.87,77.62,3
666.27,24.39,92.22,2
633.16,26.35,61.03,1
626.7,24,60.48,1
492.75,25.77,80.57,2
390.66,23.84,79,3
586.32,23.61,60.55,1
239.58,27.73,63.61,2
289.53,19.3,89.27,4
220.16,20.33,75.84,3
698.83,29.92,64.35,1
231.47,28.8,65.46,2
526.44,21.94,81.4,1
388,23.28,71.5,3
139.31,30.96,60.9,3
167.13,29.45,82.26,3
659.07,26.6,61.13,1
551.83,21.1,63.86,1
436.69,18.62,65.56,2
241.49,24.04,65.01,2
123.69,27.42,86.65,3
568.14,29.6,63.27,1
301.13,29.94,65.2,2
244.14,18.46,75.65,4
219.94,21.42,64.9,2
589.1,22.75,86.14,2
479.97,20.64,77.07,2
491.95,29.24,90.79,3
656.75,28.74,61.33,1
637.24,25.24,89.93,2
514.67,31.76,65.38,1
677.4,20.02,92.4,2
252.8,30.6,71.41,4
131.37,19.63,77.88,4
654.59,20.28,60.83,1
273.31,27.75,85.52,3
684.4,19.53,67.48,1
249.94,25.92,92.08,3
281.51,23.88,83.16,3
647.48,28.2,69.93,1
591.34,30.61,69.13,1
176.49,28.78,65.97,2
453.77,29.9,88.07,3
211.5,18.46,75.35,4
161.57,22.34,69.69,2
475.18,25.22,93.35,3
165.27,23.82,88.08,3
393.7,21.24,80.52,3
476.42,22.31,88.09,3
664.68,31.24,64.2,1
654.34,22.12,83.53,1
472.33,22.95,71.35,2
411.57,18.05,84.06,3
497.23,29.83,93.66,3
656.48,20.17,87.31,2
694.75,20.86,79.79,1
139.19,21.57,86.09,3
682.34,30.38,76.39,2
585.85,20.89,69.8,1
163.5,29.17,61.42,2
584.1,29.31,83.7,1
504.33,30.98,64.99,1
645.33,19.62,76.08,2
385.52,21.04,83.34,3
411.94,28.4,91.2,3
605.64,20.74,81.33,1
400.6,22.01,67.62,1
425.29,20.33,76.59,2
261.73,20.42,83.37,3
311.65,24.74,66.84,2
286.84,19.54,85.63,4
146.48,22.5,86.73,3
458.16,23.97,78.29,2
608.74,18.34,90.06,3
566.78,23.44,67.87,1
263.02,19.32,78.82,4
460.06,24.91,91.3,3
404.45,29.56,84.65,2
593.6,29.46,88.24,2
325.02,19.13,67.77,3
141.23,26.42,80.05,3
634.62,29.68,71.34,1
508.76,21.33,83.06,1
225.48,28.67,78.29,3
239.31,30.47,81.89,4
350.96,29.29,81.62,3
396.31,19.5,85.78,4
311.57,18.13,87.96,4
419.09,20.68,62.17,1
637.62,21.79,93.19,2
485.38,26.63,74.23,2
334.33,23.38,65.95,2
619.06,27.85,92.27,2
523.52,22.94,87.44,2
464.36,20.16,74.71,2
419.58,22.38,81,2
170.95,30.38,67.92,3
463.9,31.42,74.46,3
350.99,20.91,74.03,3
439.19,29.04,86.39,3
191.96,21.83,75.11,3
575.98,30.42,86.42,3
416.93,20.32,87.65,3
601.94,27.32,73.5,1
239.95,19.18,75.4,4
664.09,31.63,78.23,2
455.35,27.81,60.12,1
163.9,29.79,66.83,2
301.96,25.93,89.65,3
689.96,24.68,86.63,2
475.73,26.71,62.7,1
363.45,25.4,82.22,3
651.1,24.57,60.73,1
329.55,28.63,78.7,3
553.34,20.49,65.65,1
204.83,20.4,89.87,3
524.35,24.05,81.52,1
405.04,22.49,62.24,1
366.28,19.04,82.44,4
254.33,29.82,91.23,3
692.72,28.8,85.68,2
191.7,25.61,64.03,2
238.03,31.71,83.28,4
338.9,19.02,81.37,4
196.05,28.73,82.1,3
662.49,21.73,87.83,2
648.02,23.16,70.65,1
374.15,21.07,72.44,3
405.59,29.05,67.06,1
156.01,20.02,76,3
606.84,29.76,74.34,1
572.68,27.26,62.94,1
348.11,18.83,68.49,3
396.71,29.35,64.2,2
502.43,26.79,79.41,1
390.04,30.67,66.55,3
278.45,28.48,71.4,3
292.54,25.86,88.6,3
420.04,29.71,80.01,2
696.83,21.89,78.19,1
404.16,25.66,93.05,3
152.36,22.11,75.31,3
664.44,31.55,90.93,3
297.46,21.17,80.22,3
143.1,18.22,74.19,4
161.93,22.56,72.11,3
219.26,25.04,91.62,3
487.81,18.4,79.78,3
333.43,25.83,68.81,2
652.03,30.24,78.18,2
580.1,27.87,68.74,1
306.09,26.72,68.42,2
691.95,31.38,64.52,1
506.57,31.42,84.13,2
130.11,29.54,87.34,3
388.59,26.51,71.33,3
647.99,24.83,74.33,1
291.66,18.19,87.76,4
657.58,26.49,60.57,1
476.91,31.85,71.65,3
458.17,29.45,70.77,2
332.18,22.77,79.02,3
675.02,20.13,91.32,2
369.76,28.98,61.42,2
487.94,28.42,89.5,3
489.51,31.54,79.5,3
493.17,30.25,80.57,3
297.5,25.78,93.49,3
621.55,19.42,64.49,1
464.29,24.77,69.68,1
345.3,22.39,68.05,2
306.92,25.17,76.41,3
185.94,22.22,80.29,3
473.94,30.07,85.48,4
573.91,29.82,61.86,1
365.03,22.42,74.91,3
651.08,26.39,92.35,2
192.81,24.02,76.19,3
402.98,30.73,88.62,4
492.61,20.62,63.92,1
450.37,27.77,70.14,2
635.91,31.59,85.74,3
516.74,20.45,81.75,1
598.52,20.83,75.51,1
504.03,27.71,83.41,1
319.66,28.91,86.98,3
278.1,24.87,91.41,3
322.98,26.54,75.41,3
356.74,20.98,82.49,3
599.55,24.67,73.35,1
532.34,19.57,92.45,3
599.57,22.5,76.82,1
656.58,21.99,74.37,1
592.58,24.22,92.88,2
678.12,31.02,60.07,1
670.92,20.54,71.62,1
306.16,23.62,89.34,3
347.54,26.62,75.8,3
453.62,31.25,72.19,3
520.52,19.86,80.57,2
389.53,30.85,74.16,4
576.91,19.13,71.53,2
486.56,24.73,69.31,1
465.6,24.36,70.96,2
204.33,20.93,92.35,3
219.36,22.86,93.59,3
301.71,24.36,63.46,2
678.24,30.11,85.74,3
164.2,31.37,83.02,4
676.95,25.26,82.08,1
396.72,30.18,61.15,3
372.86,26.51,69.57,2
611.19,22.89,86.11,2
602.26,20.72,77.35,1
197.71,23.78,60.84,2
590.81,25.32,78.43,1
416.21,18.62,89.67,4
307.41,20.04,90.74,3
182.86,26.4,91.45,3
463.49,21.15,78.46,2
572.59,29.72,76.34,1
633.69,22.58,68.55,1
683.54,19.47,90.31,3
191.45,19.17,88,4
350.13,31.12,90.23,4
148.23,19.65,67.91,3
488.73,19.97,63.43,2
634.85,30.08,84.45,2
518.61,21.56,91.96,2
345.45,27.32,92.08,3
560.76,29.43,78.5,1
698.04,26.5,82.47,1
120.65,31.4,63.92,3
600.27,27.92,69.64,1
309.24,19.58,78.82,4
553.3,25.82,90.83,2
257.48,28.05,76.94,3
237.06,29.23,80.74,3
589.57,18.37,61.94,1
565.09,28.06,93.76,2
590.51,29.56,77.23,1
559.26,28.46,65.61,1
175.6,25.17,71.86,3
632.07,24.41,77.97,1
339.02,25.69,64.85,2
247.41,27.87,66.88,2
449.19,30.92,92.06,4
320.6,26.64,90.54,3
531.72,30.43,64.28,1
522.88,27.82,69.76,1
613.06,18.96,82.25,2
696.26,25.01,69.09,1
583.75,22.01,60.07,1
202.1,21.99,84.54,3
562.33,22.98,66.76,1
448.8,22.41,71.37,2
446.65,26.1,69.94,1
315.6,27.57,65.33,2
213.23,21.76,64.75,2
220.37,19.82,65.07,3
153.41,18.82,93.86,4
587.1,26.06,85.44,2
551.49,20.61,92.9,2
616.9,18.13,80,2
528.4,30.99,71.59,2
217.32,25.52,65.74,2
546.86,19.29,76.92,2
443.55,29.8,77.27,2
183.03,31.76,87.21,4
644.97,24.28,78.5,1
643.34,18.59,66.82,1
484.16,19.65,88.5,4
363.39,23.34,65.18,2
258,30.4,78.51,4
176.61,20.07,61.49,2
587.48,29.54,72.92,1
680.72,18.21,83.52,2
128.14,24.4,64.85,2
398.03,27.02,78.37,3
181.5,18.85,78.86,4
362.75,26.61,91.83,3
456.76,31.22,76.33,3
368.88,20.24,62.74,2
129.99,28.21,65.11,2
692.95,26.53,69.65,1
656.97,20.59,87.96,2
567.98,18.09,68.93,1
352.39,18.13,81.33,4
519.9,25.45,62.74,1
531.67,31.2,67.08,1
317.35,27.02,81.67,3
143.02,28,63.43,2
480.94,24.91,85.04,3
669.89,26.15,75.72,1
553.72,19.77,69.79,1
252.23,30.28,90.59,4
442.37,28.65,83.56,2
346.32,31.97,62.25,3
436.97,22.17,83.46,2
539.95,21.18,66.94,1
402.3,19.75,92.21,4
649.14,31.5,65.38,1
521.43,28.93,81.58,1
324.34,20.33,68.48,2
475.15,25.74,92.98,3
384.12,23.79,71.36,3
579.38,20.12,80.64,1
124.32,20.27,64.53,2
459.63,31.49,76.78,3
133.63,22.27,81.31,3
688.01,31.18,86.97,3
414.37,19.06,79.5,3
281.7,24.45,84.63,3
184.21,19.81,90.07,4
318.18,18.07,70.45,4
487.77,25.75,71.91,2
684.28,19.59,61.04,1
174.75,28.11,79.4,3
241.94,27.77,94,3
280.63,20.47,85.76,3
564.28,31.18,94.74,3
165.8,28.09,75.9,3
638.75,22.17,86.16,2
247.01,27.93,65.64,2
536.46,28.25,74.77,1
561.12,22.79,82.53,1
637.99,23.26,75.76,1
240.37,23.03,61.04,2
539.5,26.63,71.09,1
324.78,30.61,83.66,4
345.21,20.42,73.83,3
414.82,30.25,75.69,3
196.08,18.39,89.97,4
328.06,27.24,69.43,2
665.48,23.8,81.56,1
224.76,29.08,89.6,3
302.8,28.1,88.25,3
588.22,24.72,68.36,1
264.99,27.01,61.79,2
215.58,25.02,69.69,2
230.5,29.36,66.17,2
691.69,24.67,60.97,1
359.72,25.32,70.65,3
349.66,21.51,78.23,3
559.07,26.47,82.76,1
156.39,22.24,73.23,3
218.33,26.08,67.15,2
537.53,20.38,79.93,1
305.4,20.23,86.33,3
526.97,23.84,84.32,1
133.26,23.98,89.99,3
462.41,21.75,69.24,1
435.66,19.84,77.61,3
204.02,18.55,77.1,4
188.87,18.35,71.26,4
658.33,21.8,84.02,1
412.91,24.47,64.7,1
148.94,28.17,88.18,3
206.16,24.65,61.28,2
510.08,30.66,73.59,2
396.52,18.49,81.26,4
466.64,20.53,74.85,2
385.8,22.74,82.95,3
656.8,26.08,61.36,1
598.64,29.94,90.35,2
688.48,22.9,62.72,1
664.76,21.75,70.07,1
542.64,18.87,70.27,2
150.47,29.5,60.41,2
699.48,23.32,63.29,1
394.52,26,89.82,3
155.38,31.77,87.15,4
695.03,18.02,85.83,3
450.82,20.04,84.13,2
386.22,28.91,62.61,2
131.48,29.27,70.45,3
368.47,28.77,60.23,2
226.3,25.52,62.12,2
536.99,31.7,61.33,1
124.56,23.55,66.96,2
429.16,26.43,61.97,1
145.36,18.89,60.59,3
534.6,23.74,68.57,1
672.75,28.12,87.96,2
145.13,21.34,61.97,2
179.79,31.21,94.46,4
419.04,27.61,83.02,2
689.83,22.03,90.34,2
358.64,28.77,83.12,3
477.03,19.16,87.19,4
561.76,31.65,70.53,2
658.19,18.69,69.01,1
222.67,31.07,83.25,4
648.63,21.54,79.71,1
483.33,28.61,77.7,2
587.25,18,66.2,1
291.42,21.56,68.07,2
410.06,28.49,79.24,2
241.2,25.45,74.35,3
615.67,19.61,93.69,3
238.66,23.51,79.35,3
438.03,23.26,75.11,2
362.39,25.95,93.27,3
148.76,27.35,63.21,2
359.05,29.77,69.51,2
574.95,24.96,72.12,1
426.78,23.49,89.87,3
296.78,20.02,86.82,3
378.34,29.27,70.66,3
569.07,27.99,90.54,2
507.53,23.72,62.19,1
184.32,25.26,77.27,3
428.12,27.31,82.91,2
235.24,20.31,70.93,3
687.48,18.38,62.42,1
548.4,22.45,69,1
166.98,26.34,76.93,3
263.97,24.81,71.13,3
165.31,27.7,74.55,3
334.66,29.48,63.26,2
597.16,24.84,60.5,1
158.72,19.88,90.72,4
215.91,29.91,62.73,2
275.12,26.05,70.25,3
481.97,28.36,83.24,2
685.32,27.87,89.56,2
597.18,31.55,71.24,2
236.54,22.13,82.82,3
531.84,27.87,76.52,1
442.7,23.12,61.79,1
405.14,23.54,74.29,2
646.86,21.23,61.04,1
461.12,22.82,93.75,3
199.58,31.28,86.68,4
215.68,22.1,71.88,3
654.74,21.44,68.22,1
166.52,26.16,74.01,3
199.99,21.61,71.07,3
498.81,24.63,72.98,2
250.12,29.68,92.16,3
599.14,21.23,74.16,1
361.28,23.97,85.95,3
399.79,26.55,65.49,2
194.61,25.64,78.68,3
136.33,31.65,77.28,4
560.36,27.53,80.69,1
162.91,28.36,83.8,3
491.29,31.54,90.14,4
431.77,23.8,68.05,1
420.72,22.98,73.35,2
293.82,18.61,62,3
558.5,20.58,81.85,1
352.36,21.32,92.72,3
207.73,20.57,73.87,3
152.51,28.57,94.01,3
318.68,25.5,80.93,3
472.67,27.35,67.39,1
247.79,29.49,78.53,3
550.48,21.23,82.4,1
183.06,22.56,83.32,3
393.74,27.92,82.33,3
431.29,23.5,66.64,1
596.19,18.41,67.29,1
188.41,24.09,68.45,2
120.97,30.72,85.65,4
429.55,23.73,77.48,2
207.42,22.65,83.49,3
451.58,31.85,87.98,4
139.08,27.02,79.74,3
404.59,23.12,76.49,2
346.63,19.43,74.09,4
210.62,29.03,78.77,3
391.35,27.91,65.24,2
396.76,30.91,87.53,4
159.37,21.04,91.95,3
512.61,19.61,88.43,3
649.95,28.14,88.77,2
475.8,20.85,89.03,3
483.77,20.47,66.15,1
554.07,22.48,94.85,2
662.92,29.44,83,1
689.84,25.55,74.73,1
405.76,18.64,91.08,4
668.1,24.49,80.38,1
328.36,27.58,94.78,3
542.03,25.54,86.32,2
663.34,26.01,72.86,1
129.42,21.15,85.99,3
653.92,29.87,85.55,2
633.33,25.86,70.95,1
239.18,27.99,90.95,3
357.63,31.75,64.93,3
191.29,23.99,72.78,3
553.37,30.33,82.27,2
570.9,18.1,76.77,2
630.95,18.47,83.74,2
376.04,26.26,94.91,3
485.44,22.36,62.73,1
609.32,21.48,86.56,2
174.16,21.89,88.61,3
189.11,22.46,69.88,2
594.32,28.21,68.93,1
376.34,25.97,75.45,3
585.66,29.05,73.78,1
120.09,29.62,77.77,3
186.72,29.8,67.41,2
333.64,23.81,77.28,3
350.64,23.9,88.45,3
603.58,30.97,90.9,3
415.67,27.26,83.34,2
652.42,19.13,70.08,2
366.32,25.59,90.56,3
158.84,22.98,74.74,3
385.62,31.82,68.11,3
358.39,18.19,64.71,3
438.69,26.57,93.66,3
491.1,28.13,63.08,1
154.16,22.04,78.54,3
478.17,31.63,67.08,2
196.72,30.03,90.39,4
370.45,30.82,66.81,3
637.55,18.27,85.78,3
197.63,25.98,65.78,2
241.08,22.13,92.83,3
365.35,29.89,83.22,3
155.03,26.86,74.53,3
286.04,25.54,93.69,3
164.93,19.6,78.34,4
396.69,25.56,73.44,3
452.56,26.85,65.69,1
554.58,31.38,85.24,3
655.48,26.19,80.87,1
373.82,31.54,67.8,3
484.13,31.46,68.75,2
154.84,27.1,67.71,2
395.68,25.08,77.35,3
624.6,24.52,61.66,1
463.52,30.47,70.12,3
337.56,18.4,85.78,4
171.76,19.59,81.74,4
409.18,19.43,88.65,4
652.85,28.6,86.07,2
162.86,22.76,60.74,2
427.91,26.93,79.93,2
367.27,26.45,75.34,3
560.49,23.4,72.65,1
207.67,25.44,94.73,3
219.29,27.03,82.99,3
535.28,31.17,68.79,1
514.38,26.06,78.65,1
420.26,26.6,63.33,1
122.64,18.95,86.08,4
616.29,31.33,72.17,2
692.69,25.39,65.91,1
507.12,29.22,65.68,1
661.27,18.7,60.53,1
559.53,23.89,87.23,2
516.81,21.6,85.5,2
323.73,21.74,76.98,3
166.2,29.08,70.71,3
138.66,26.73,73.71,3
381.33,24.16,90.94,3
386.53,18.15,64.25,3
343.99,31.51,61.03,3
137.36,31.47,67.55,3
235.62,21.05,78.22,3
199.18,18.58,60.27,3
127.39,25.42,63.65,2
479.1,31.32,84.43,3
177.39,30.75,75.68,4
206.07,26.19,93.2,3
177.49,22.25,91.88,3
563.51,22.62,69.68,1
632.36,30.57,73.22,2
188.9,24.88,92.14,3
477.09,19.84,80.27,3
479.42,21.48,72.94,2
283.17,21.88,88.01,3
461.34,19.73,92.36,4
371.3,24.48,83.57,3
182.43,30.82,68.08,3
675.78,27.36,88.67,2
513.61,19.01,74.72,2
673.3,18.08,84.43,2
207.59,21.87,77.02,3
580.61,23.08,92.93,2
363.96,28.87,62.39,2
659.22,31.54,65.45,1
518.45,23.43,66.81,1
205.36,27.61,67.74,2
138.84,31.93,68.24,3
192.86,28.44,65.35,2
533.36,26.91,84.25,1
126.11,19.09,67.64,3
397.39,22.53,68.24,2
440.77,30.79,66.91,2
591.12,20.81,73.95,1
379.03,29.81,93.55,3
123.18,27.75,72.84,3
246.89,23.13,70.42,3
147.58,25.41,62.4,2
688.95,25.6,72.34,1
490.28,28,68.13,1
121.11,25.23,86.7,3
142.35,19.86,63.91,3
250.8,28.83,65.03,2
571.74,23.69,69.75,1
351.43,31.48,70.08,4
413.11,21.97,89.62,3
626.06,21.68,87.69,2
636.92,22.67,80.25,1
368.15,26.01,70.1,3
560.89,30.53,71.16,2
255.82,20.47,80.73,3
221.61,21.92,85.9,3
686.25,26.14,73.44,1
490.16,24.36,77.83,2
501.23,24.26,91.08,2
629.15,29.49,82.74,1
135.68,30.93,78.74,4
285.82,24.74,62.49,2
537.12,27.62,66.16,1
383.68,29.21,67.03,2
666.86,25.26,81.81,1
381.33,22.12,63.78,2
193.68,26.93,61.01,2
646.23,26.19,72.61,1
122.97,30.62,85.16,4
560.08,18.73,84.26,2
124.84,30.74,87.74,4
388.66,25.48,84.37,3
239.22,18.22,81.46,4
671.96,22.83,77.02,1
350.11,28.14,67.3,2
137.95,24.84,79.9,3
570.54,31.72,82.28,2
303.62,23.92,64.33,2
490.89,22.57,79.78,2
355.03,29.5,63.42,2
374.34,25.67,79.15,3
273,27.55,65.56,2
577.23,29.28,64.17,1
388.96,27.4,63.96,2
142.98,23.91,91.89,3
667.96,19.75,80.93,2
408.21,26.12,68.76,1
401.86,30.56,62.5,2
320.94,23.86,78.77,3
488.39,30.75,65.07,2
352.89,25.05,87.24,3
554.7,26.69,77.36,1
628.42,29.66,85.43,2
404.04,25.9,73.85,2
498.48,19.27,84.58,3
291.41,31.73,83.96,4
482.73,21.44,79.65,2
488.44,27.95,89.6,3
416.95,25.07,80.39,2
212.71,24.7,80.23,3
540.68,21.42,70.78,1
305.41,28.11,92.6,3
345.16,19.58,78.1,4
613.9,31.87,73.71,2
515.05,29.84,78.96,1
167.95,25.48,65.08,2
447.92,23.94,69.28,1
170.41,22.01,70.73,3
494.36,25.02,78.03,2
348.9,30.31,84.34,4
591.54,21.85,70.05,1
572.5,25.01,64.75,1
699.83,21.28,79.57,1
293.52,22.72,89.91,3
221.55,20.66,74.64,3
227.48,31.87,76.65,4
467.37,26,70.12,2
314.04,28.26,88.31,3
645.98,19.38,64.22,1
166.03,23.13,65.99,2
563.59,30.5,95,3
404.03,19.18,83.88,3
489.71,20.32,79.18,2
460.94,26.76,87.83,3
427.55,26.72,94.89,3
525.04,29.74,66.68,1
436.51,31.1,87.7,4
655.03,19.99,71.98,2
439.97,21.63,85.59,3
653.41,23.98,84.77,1
587.67,18.01,94.94,3
611.58,18.98,63.92,1
640.43,21.17,60.07,1
237.48,24.74,86.17,3
318.68,21.52,79.91,3
641.64,30.27,84.18,2
206.54,22.54,86.37,3
404.28,30.94,77.27,3
180.75,31.65,72.48,4
208.48,24.3,86.96,3
461.56,21.18,73.3,2
349.74,22.08,81.78,3
365.74,28.87,91.27,3
414.72,21.83,65.54,1
503.22,23.33,60.31,1
409.61,24.7,68.99,1
318.23,26.05,87.91,3
231.83,31.95,79.84,4
389.39,21.25,93.12,3
337.82,22.95,79.18,3
592.96,21.68,69.3,1
128.87,23.06,86.81,3
450.83,19.41,83.01,3
478.71,23.04,88.72,3
692.98,30.43,83.38,2
633.51,22.18,75.82,1
420.19,23.21,69.7,1
287.34,31.22,61.95,3
125.91,28.2,70.78,3
259.65,25.23,61.62,2
611.51,28.88,75.05,1
684.49,19.72,67.9,1
526.61,24.5,84.63,1
470.24,19.66,67.71,2
471.62,21.27,62.85,1
496.95,19.99,89.36,4
121.04,23.07,62.1,2
334.58,23.34,86.28,3
310.98,31.26,92.53,4
687.2,21.7,63.75,1
120.42,24.61,79.59,3
547.08,29.36,75.81,1
355.07,29.42,87.95,3
157.56,28.5,81.82,3
329.35,22.03,69.74,2
194.15,24.93,60.05,2
141.67,20.61,76.9,3
516.4,20.64,91.29,2
134.32,24.1,91.69,3
126.94,28.34,64.39,2
367.07,25.37,90.12,3
195.73,30.41,61.21,3
378.75,29.63,63.23,2
332.3,18.44,93.82,4
179.32,25.96,73.54,3
491.03,26.53,62.48,1
496.84,31.46,76.47,3
493.91,18.33,61.61,2
621.49,25.44,60.57,1
123.93,20.87,79.66,3
136.09,18.75,67.39,3
423.44,26.22,81.77,2
390.29,28.82,71.71,3
694.53,28.85,64.64,1
327.37,18.42,94.45,4
345.68,23.7,68.75,2
604.71,18.62,62.17,1
481.39,21.47,69.76,1
161.22,20.7,68.81,2
153.44,21.01,70.49,3
426.56,22.75,72.45,2
350.13,21.88,88.18,3
546.55,31.47,62.09,1
484.28,22.93,72.41,2
120.18,30.52,63.63,3
129.79,20.53,94.38,3
607.03,28.69,65.04,1
215.46,18.86,76.77,4
450.37,24.48,76.8,2
665.49,18.08,87.34,3
680.63,29.34,69.53,1
609.67,31.31,85.82,3
635.58,18.49,60.92,1
644.93,31.07,92.45,3
164.4,28.83,63.46,2
617.2,23.02,76.83,1
361.12,30.72,66.07,3
144.75,22.15,72.9,3
429.24,23.73,82.47,2
187.69,19.35,64.99,3
165.89,27.2,70.12,3
391.2,18.41,83.77,4
302.57,24.79,89.56,3
631.16,27.56,80.75,1
303.04,29.5,78.3,3
597.09,20.1,63.84,1
122.84,28.56,65.13,2
670.54,28.07,93.54,2
151.51,25.83,60.09,2
272.47,26.19,76.95,3
134.43,19.28,86.47,4
676.43,26.41,67.35,1
149.98,23.34,76.08,3
322.42,30.15,77.26,4
505.03,22.38,69.11,1
306.77,26.07,90.76,3
124.34,23.97,92.38,3
259.53,30.27,86.23,4
534.52,21.55,60.3,1
339.4,19.1,82.01,4
595.77,28.48,68.12,1
548.61,23.78,69.35,1
459.87,26.25,66.43,1
174.8,18.37,80.03,4
689.56,31.33,75.64,2
421.99,30.29,66.77,2
270.9,26.73,92.64,3
469.24,18.24,68.37,2
529.93,23.29,87.26,2
391.15,31.7,60.86,3
492.26,27.54,66.42,1
182.66,20.25,88.66,3
626.96,24.45,78.77,1
514.82,31.53,82.61,2
568.33,25.49,75.01,1
185.97,18.34,75.25,4
421.2,26.68,64.39,1
521.7,21.8,65.98,1
422.92,19.38,92.16,4
177.54,23.64,76.02,3
155.18,25.82,76.54,3
477.29,18.24,83.32,3
582.2,25.83,60.49,1
698.04,25.16,78.64,1
449.57,29.11,90.99,3
253.11,23.93,74.61,3
354.94,25.75,74.44,3
181.85,28.39,75.87,3
360.04,30.56,89.93,4
607.3,23.32,81.35,1
346.32,26.42,86.16,3
150.01,27.72,85.14,3
216.23,18.61,61.78,3
508.41,29.21,94.18,2
520.91,23.28,84.72,1
234.86,27.38,80.3,3
589.88,24.6,61.58,1
282.9,27.83,92.13,3
442.31,28.14,76.43,2
298.47,20.68,91.89,3
522.01,27.27,74.64,1
337.89,29.92,80.21,3
561.85,21.3,91.28,2
400.39,28.61,76.13,2
491.36,26.87,66.28,1
657.11,31.37,74.88,2
372.5,21.64,73.36,3
439.37,20.16,85.58,3
229.69,22.37,89.43,3
522.19,21.61,60.4,1
243.37,28.6,77.32,3
520.18,28.26,69.35,1
655.45,27.38,65.76,1
665.95,21.03,83.3,1
585.06,30.07,89.24,3
432.7,31.39,79.05,3
605.59,25.44,66.78,1
385.5,27.09,86.29,3
338.61,25.01,78.25,3
527.35,21.97,88.16,2
240.25,22.01,93.77,3
163.08,22.39,74.68,3
332.3,20.67,71.17,3
317.57,30.63,69.87,3
189.9,30.02,84.18,4
615.65,24.46,94.02,2
507.53,23.14,70,1
134.96,31.15,76.18,4
433.29,21.11,80.17,2
209.21,25.75,93.39,3
416.51,18.76,68.65,2
567.33,20.68,93.66,2
359.57,26.46,78.34,3
466.18,27.27,85.49,3
436.93,26.13,87.35,3
455.01,30.17,65.76,2
397.31,31.91,94.12,4
216.88,28.69,94.16,3
260.14,24.51,90.32,3
638.55,29.68,89.52,2
548.16,19.69,71.42,2
690.06,27.57,89.82,2
151.4,25.26,91.09,3
303.61,20.49,69.33,2
676.39,31.62,65.97,1
374.84,22.74,86.49,3
470.52,26.62,80.22,2
450.45,30.3,63.78,2
201.6,25.09,73.98,3
544.04,19.61,71.62,2
153.82,29.46,83.12,3
432.02,22.94,74.71,2
440.53,31.76,82.7,3
237.07,30.37,87.98,4
555.25,29.95,84.75,1
639.78,22.99,81.61,1
687.86,28.6,91.73,2
135.55,31.81,68.67,3
299.64,25.37,77.76,3
656.4,24.59,86.46,2
149.29,18.21,67.84,3
277.77,27.8,67.41,2
429.37,30.02,83.95,3
549.31,21.46,87.32,2
252.27,22.41,91.02,3
294.2,25.01,75.69,3
232.83,19.01,85.07,4
376.98,19.25,65.98,3
412.52,23.9,71.02,2
641.55,21.66,82.12,1
567.04,23.68,65.18,1
534.9,24.36,93.45,2
452.15,31.67,64.48,2
310.58,31.22,87.19,4
160.64,19.96,71.15,4
270.11,30.36,85.65,4
232.92,19.12,74.17,4
252.18,25.11,86.17,3
251.53,20.29,91.51,3
369.72,23.12,80.87,3
340.81,28.41,65.74,2
315.49,23.94,93.29,3
631.12,29.3,78.64,1
237.59,28.06,68.38,2
214.92,31.2,74.29,4
164.08,25.48,85.24,3
656.42,29.23,92.74,2
232.72,22.52,91.73,3
451.92,22.84,64.91,1
336.76,23.61,90.51,3
442.07,23.75,80.66,2
492.69,19.45,74.34,3
607.24,25.27,76.25,1
414.21,19.36,87.81,4
309.8,30.46,89.57,4
225.03,18.87,83.03,4
471.95,24.3,62.05,1
196.56,21.99,88.3,3
616.37,20.17,60.9,1
136.12,28.97,73.57,3
610.27,28.01,75.55,1
247.16,20.04,77.71,3
402.96,26.86,68.96,1
543.7,29.1,74.67,1
574.82,28.83,87.56,2
353.03,19.29,69.49,3
409.68,27.6,88.46,3
137.15,28.02,60.44,2
319.54,30.07,65,3
271.72,25.11,92.39,3
346.24,24.46,76.46,3
294.52,31.51,61.78,3
212.65,29.15,81.37,3
666.2,25.82,75.96,1
368.98,22.63,63.1,2
489.93,29.83,72.18,2
657.52,24.38,81.5,1
452.03,19.3,81.97,3
193.66,24.37,91.04,3
577.38,30.21,77.24,2
569.31,24.28,63.67,1
354.67,18.2,63.97,3
432.85,26.56,74.59,2
366.43,31.94,66.49,3
250.06,29.44,92.23,3
562.49,26.64,67.42,1
551.77,30.8,73.17,2
495.29,29.39,77.93,2
384.27,24.98,71.56,3
389.59,26.28,83.26,3
293.1,28.24,81.18,3
274.12,29.85,92.88,3
612.4,18.81,89.12,3
618.44,28.85,81.1,1
128.9,24.27,75.63,3
537.37,27.25,81.52,1
311.35,28.7,81.81,3
653.22,25.55,69.44,1
260.43,20.22,66.23,2
314.53,23.73,78.17,3
553.45,19.08,70.75,2
162.98,27.65,73.48,3
530.66,31.35,60.06,1
511.31,29.13,83.86,1
296.33,23.46,62.03,2
533.41,26.18,85.74,2
643.7,22.26,67.28,1
586.29,25.57,65.77,1
420.35,22.21,81.02,2
196.82,28.34,94.42,3
637.56,21.63,74.77,1
404.04,31.5,90.43,4
356.57,27.27,62.16,2
437.7,18.96,77.8,3
243.86,18.15,83.86,4
314.99,31.96,73.14,4
546.59,21.09,64.53,1
446.82,22.38,60.54,1
562.12,20.92,73.54,1
561.94,30.99,86,3
557.08,27.13,94.67,2
203.63,25.06,76.21,3
497.12,25.81,70.32,2
398.5,22.45,72.13,3
156.01,26.6,63.22,2
604.33,23.87,75.75,1
247.43,20.79,81.95,3
127.51,27.19,81.83,3
493.19,23.23,60.45,1
219.82,28.99,82.18,3
155.79,23.82,83.3,3
661.59,25.12,77.57,1
206.12,29.02,93.07,3
421.63,24.27,69.03,1
333.03,31.53,89.82,4
145.95,29.1,66.1,2
302.33,29.57,69.17,2
323.27,31.35,67.17,3
406.19,23.44,90.99,3
529.91,26.12,87.77,2
699.99,27.71,75.77,1
420.77,27.43,73.23,2
666.8,31.34,60.45,1
425.92,22.04,84.57,2
464.34,22.08,93.77,3
200.66,30.85,87.25,4
451.08,29.19,68.16,1
271.13,20.85,69.26,2
278.95,25.98,74.8,3
371.65,28.44,74.27,3
499.17,22.94,68.13,1
478.05,24.08,87.71,3
297.64,26.06,87.51,3
136.68,24.54,84.73,3
261.55,28.54,60.17,2
382.64,18.08,92.11,4
647.52,24.08,71.81,1
474.01,22.73,61.01,1
628.95,26.53,82.31,1
464.54,28.86,85.82,3
377.04,19.07,83.48,4
310.58,20.21,73.68,3
682.65,27.31,90.14,2
397.38,28.34,72.48,3
328.36,26.23,78.84,3
646.48,31.76,92.26,3
590.88,24.99,85.48,2
461.47,19.91,63.31,2
448.32,27.61,87.2,3
408.46,26.43,91.56,3
175.86,26.27,88.89,3
518.75,25.64,76.69,1
337.81,31.15,88.88,4
129.87,19.81,62.65,3
541.11,19.02,68.9,1
195,20.16,90.34,3
582.79,21.43,61.45,1
270.55,26.3,73.93,3
460.12,26.57,90.12,3
450.46,21.26,75.6,2
222.58,24.85,62.96,2
374.64,24.75,76.07,3
595.04,24.34,85.63,2
683.75,29.25,71.07,1
130.54,24.6,91.73,3
205.06,28.62,92.93,3
478.11,20.33,65.87,1
121.46,25.45,63.27,2
559.63,29.54,70.48,1
458.15,20.49,76.42,2
510.26,24.51,65.5,1
482.06,26.53,68.45,1
467.43,20.59,92.67,3
179.4,28.59,85.02,3
256.43,19.11,80.93,4
389.07,31.25,84.78,4
313.95,24.56,60.1,2
574.18,22.71,65.09,1
511.66,19.64,84.21,2
300.65,24.06,85.02,3
671.63,27.24,89.85,2
493.66,19.32,80.49,3
611.04,22.29,79.5,1
17.85117051,19.36350297,41.10797573,2
17.40936397,33.76785766,62.51405684,4
37.18763742,28.29984855,82.37675015,5
17.486386,24.9664621,73.93349318,3
18.15849178,13.90046601,78.39366887,3
32.78194787,13.89986301,69.527002,3
23.49219527,11.4520903,71.53659387,3
33.30131671,31.65440364,80.95173909,5
11.96098473,25.02787529,44.98008053,2
24.62713581,27.70181444,59.36549782,3
11.00840801,10.51461236,43.27256651,1
11.8795961,34.2477463,89.26008048,4
37.1931236,30.81106602,86.64356038,5
14.17736113,15.30847777,32.36560868,2
25.97262047,14.54562418,72.33451035,3
22.33286808,14.58511275,85.51489904,4
20.42029979,17.60605607,40.83452071,2
36.99500037,23.11891079,64.07671383,3
10.6547019,20.79862547,84.92929786,3
29.91369059,17.2807285,32.03675872,2
38.90183303,25.29632237,71.84521603,4
26.8050455,13.48734652,47.84094044,2
38.10467386,17.30361621,85.46377172,4
11.56773638,19.15904608,88.26349471,4
22.56379957,21.40174961,86.65598935,4
17.80473373,29.62939903,58.452853,4
31.92462895,14.99184455,81.72255906,4
39.43891271,22.85586096,80.67296391,4
17.69590187,24.81036422,49.14602839,2
29.62523804,11.16126032,79.73492845,3
15.94292898,25.1886213,32.22045808,2
26.95990764,14.26310309,65.77619271,3
23.9179746,11.62628982,43.80053024,2
39.16015989,33.72213843,37.23401315,3
28.25581818,34.14080083,34.6171921,3
20.48519116,30.2099337,71.77732655,4
13.42287355,17.61534423,50.39249783,2
14.53740486,12.44180285,73.48600629,2
16.7595079,27.10582566,33.92138045,2
17.52899984,21.00381234,48.91742027,3
35.51848174,13.05095587,62.36947754,2
26.83668365,22.37942275,77.44338989,4
25.70172734,10.85971303,49.12515018,2
13.44306616,32.73301005,67.55348259,4
35.8041908,16.46949954,83.15866489,4
31.6844291,26.56305711,66.95179129,3
12.03005086,17.7927769,43.97756849,2
31.23505292,23.00170053,31.46404689,2
26.30614652,23.66775698,82.20593243,4
12.45176037,14.62136139,31.27616465,1
23.74901925,34.23961569,82.48210036,4
24.54088861,29.37832058,61.73622804,4
14.9732362,33.48747354,86.34406191,4
38.37094441,32.37068376,77.92699415,5
35.49926114,24.94749947,89.87604663,5
30.07067012,33.04685588,51.04270893,4
23.86886683,12.21231255,76.03129734,3
22.35296625,14.89957156,54.11585482,2
29.52920401,11.13068222,58.79253722,3
26.36295608,18.13325827,67.65032779,3
11.86819318,19.71693224,82.42062685,4
25.37507946,16.78372579,89.04500815,4
34.19210852,30.71843773,76.09640483,4
23.77719633,18.91883317,55.06600693,2
11.55869733,17.02336274,55.28142014,2
33.58834598,23.56740208,74.2549381,4
16.04091346,13.52310562,44.32662875,2
17.75862505,30.05492452,36.62844679,2
14.9411906,11.86376609,51.27732946,2
19.90645195,34.67217342,47.2343395,3
32.70254517,29.30611923,47.77848723,3
25.58157579,14.96789204,44.01646506,2
16.14643822,10.13805293,32.52559138,1
36.33490234,30.38653571,31.07243608,3
36.38745565,27.6714336,89.26334338,4
36.11735275,28.2251792,55.66638802,4
17.16388634,29.28175867,53.05959883,3
23.53718033,11.85111629,70.77883696,3
39.54968968,18.96164321,43.09523327,3
33.16037429,12.89672649,86.99767104,4
10.81502264,31.57758565,77.18070086,4
11.95613774,25.58245317,35.36466014,2
23.9179413,18.27245062,55.05484655,3
37.27660618,11.58895876,82.74709845,4
26.16105394,17.77455804,86.68392134,4
24.93437524,18.12958305,58.04409067,3
13.164211,28.24015446,66.80468335,3
29.70340314,25.93893678,40.02203677,3
34.66309482,32.18031856,89.47011757,5
21.41260023,21.80537313,43.90030208,2
33.26835553,12.98985615,86.56390645,4
38.93429962,27.83111968,68.97879894,4
16.11299377,29.01962622,66.46420769,3
25.69988894,24.03192994,60.76131066,3
18.61413874,29.2741795,43.8401887,3
33.78563257,22.34488991,40.59168192,3
27.32780098,23.06832073,43.22917254,3
29.03747253,20.68852546,41.18629573,2
33.93742479,10.63547817,76.77506841,3
21.87911418,12.69728567,51.00751555,2
37.45270205,10.78572964,33.47056059,1
25.99086602,25.91026028,88.14615781,4
14.73864469,17.85889953,83.0271531,3
30.87697355,22.71426728,85.66513699,4
33.79784051,32.68916185,89.69446936,5
19.50285031,16.23230573,40.43371495,2
35.71537771,20.25957308,53.77452113,3
37.18429764,28.88877846,75.49430854,4
18.30713462,15.71995414,71.76123708,3
39.50564418,11.92449775,39.23375438,2
14.22134584,17.24378632,78.9499875,3
16.06047005,14.03053218,43.46643431,2
15.52674518,33.24244131,43.42905689,3
36.8196913,30.20300949,62.21846537,4
29.62877657,25.83509391,65.57639609,4
14.5631285,31.78651475,64.80517247,4
23.20970255,30.09180192,35.48921024,2
28.45894075,14.66425147,82.64765176,4
12.50392255,32.31397496,45.93600256,3
36.47249105,23.48355605,37.77089528,2
34.10810606,30.18600388,83.32488479,5
25.15620321,32.4022825,87.33908989,5
39.01379846,17.95008687,81.72765704,4
22.53282938,12.75129811,78.57096448,3
39.52330957,15.69837906,69.31451884,3
30.03759996,20.67769472,63.05144224,3
29.0401382,30.45036915,35.21920559,3
14.97864686,31.51826458,54.50719278,3
36.45783275,10.17380326,52.36131102,2
22.82469064,22.76868256,45.58522703,3
14.86700217,20.43527508,73.40520682,3
10.3782256,15.55269526,59.7525441,3
26.79267051,12.99663418,34.86277295,2
25.82198866,18.44037929,43.21099212,2
31.58060867,33.5727426,70.99552582,4
36.70774159,18.0800733,34.56785157,2
12.38219754,22.96976554,81.07241484,4
31.94489471,27.57547397,59.70879162,4
15.62235832,19.09074006,58.83519464,3
35.74531159,34.29455207,65.54446708,4
34.57190542,34.06118237,79.48085796,5
26.22381265,16.2945574,50.86855247,2
31.30728396,22.43121265,70.68096915,4
19.4305034,17.52195775,63.94391784,3
24.13503697,17.12101236,46.02169621,2
34.64910693,10.92217368,82.71779918,4
23.77795592,25.23910835,77.8455613,4
20.73394796,22.56697558,69.50711008,3
24.82637342,11.28696878,81.03490375,3
34.84747757,16.96616161,82.03765206,4
20.05624142,32.70664715,72.5017786,4
15.21284779,15.98904727,80.2207997,3
31.36042061,13.6223718,71.8482877,3
34.77934638,22.23631901,70.80844631,4
13.01912436,34.64126135,67.11668269,3
17.19622338,16.05138179,75.16299837,3
14.25915969,26.80338869,39.51630632,3
20.43824235,29.04049038,82.85224555,5
23.51052937,15.9409386,82.31061166,3
32.46479011,28.20540872,31.75483698,2
29.53442755,19.19457832,79.54900503,4
28.62785702,25.80764576,37.73219205,3
20.5712484,25.83824277,50.10713126,3
35.24342659,23.3943671,74.61049538,4
24.13861502,12.25724425,39.64559376,2
39.37314814,30.88256239,79.07802145,5
29.02426415,18.01950162,79.92805068,4
13.78794225,14.66296276,60.44806403,2
30.28532686,11.01937854,30.3831523,1
19.75312046,24.77232358,47.22228799,2
30.5898159,26.93910905,67.0156151,4
12.08923444,10.41469572,88.87117068,4
15.24644312,22.80232646,67.90881162,3
35.67211777,15.66239438,45.58821486,2
16.81538671,26.12931976,68.04034219,4
35.11123376,14.35916073,62.39912278,3
18.37828265,27.27344345,76.79072371,4
29.2864573,19.66838366,36.41883833,2
30.82451721,33.41824972,75.66167415,5
25.37964259,13.4380236,62.47599472,2
19.1593203,18.52665878,87.77952023,4
16.37933129,12.83683803,50.51232996,2
10.99568064,33.11734046,67.95731359,4
19.11839204,31.93348383,85.92168633,4
29.59488372,16.44854069,36.15058368,2
38.14914455,26.49960115,86.23370923,5
36.13613447,30.43055501,71.27314334,5
32.9819433,23.88002029,34.07022355,3
33.6534203,23.24126446,48.05781402,3
29.9495471,16.04630727,72.49032532,3
17.80860573,12.3275692,34.04103609,1
37.21585092,32.43039395,64.93022761,4
30.12196936,32.51045143,50.75298342,3
26.81321893,25.82753643,67.25493107,4
13.32968408,18.47574478,32.74452203,2
23.41166631,18.73023937,82.29220837,4
23.81074814,28.14889197,88.40933815,4
35.93690829,32.4277565,88.13267132,5
26.39944661,32.17716061,74.9791099,5
21.41201647,29.49688865,37.80517441,3
39.30400986,26.05079115,75.49579176,4
13.3216178,12.10349912,31.47521499,1
22.67645285,14.04071785,31.32741309,2
11.26074026,32.46385471,49.41661315,3
32.19712362,25.16072649,59.31859142,3
37.54229657,10.22992629,76.22444507,3
18.40111989,12.53678857,70.9977226,2
35.7502503,26.58754423,56.75416238,3
18.76654691,10.1265396,46.41759998,2
37.32310485,14.02020129,89.82747001,4
32.61885711,23.71834473,55.57087813,3
34.14720331,27.29737994,57.08322146,3
10.54019667,26.29903149,39.81742927,2
38.88431071,15.60673274,77.68857292,4
31.80012976,27.80448053,71.62093355,4
19.14253286,15.93122719,43.24617677,2
34.88183995,18.13499245,34.94286274,2
18.44563595,28.66228513,70.82995812,4
36.18261519,26.24082248,69.27067286,4
13.37741171,31.23058526,46.39557162,3
31.11057932,26.44032231,87.05181374,5
26.2209543,24.20771508,39.06347351,2
12.89603411,12.3418692,55.94008806,2
17.25681485,19.19289508,86.61695521,4
10.37212109,16.63005919,55.18363902,3
24.06303896,16.09974108,68.31155686,3
19.03795782,34.32526387,53.85566388,4
27.95072453,19.82744312,46.45291214,3
18.91713423,32.30116388,89.03865888,5
18.99757335,25.77846565,54.56004038,3
32.29579596,29.87028259,83.64595222,5
11.44428508,22.56592733,43.79727635,2
37.08684986,24.42259712,42.78628224,3
35.56791623,22.31294235,31.86804497,2
30.0341405,14.88107469,69.10000952,3
27.7966471,28.06130288,52.11158062,3
36.76907494,17.01930906,81.86149499,4
15.55990539,10.60789916,58.3925944,2
12.36907487,26.1368074,88.09160567,4
17.1853051,14.42776699,41.13153094,2
33.83734836,33.51146461,82.11739008,5
11.040108,33.84821443,76.59581117,4
27.48420505,32.87160976,76.25531068,4
39.86312549,19.25396751,80.68699369,4
35.67088282,10.38641541,75.66143946,3
25.64337067,33.20796406,67.5732193,3
11.90922728,20.70460371,37.87469266,2
34.94120543,34.16637048,31.95157077,3
27.96935525,34.09049943,85.25087087,5
13.44798991,31.32523639,66.99901887,3
12.81571854,17.3612223,77.79223746,3
37.28880458,19.62744322,58.89134109,3
30.07600789,31.27841679,37.03849134,3
34.87860398,17.92305013,37.51114753,2
36.36936701,14.23731867,71.13391723,3
27.15317056,23.92003156,55.81835369,3
25.52339055,33.40386935,42.0314836,3
22.91282231,27.40074492,59.4956728,3
19.50839763,24.25152925,33.85253622,2
23.03787883,12.42941234,64.91828411,3
33.21638967,25.37518067,46.13960427,3
28.05770293,34.75134625,77.85354604,4
36.7756987,13.50210038,48.62171754,2
23.30140043,22.95824131,57.31320894,3
28.21268736,31.9343268,30.69723239,3
28.93922659,28.51921544,34.34681327,3
27.75091487,27.42539352,53.54961338,3
31.07901319,27.5621021,58.79633008,3
17.12300405,18.98727878,66.00123289,3
25.37091333,17.33979611,47.49975472,3
13.12674408,30.23402889,71.69891317,4
21.53533983,30.25283487,81.60734383,4
24.63001206,31.67680796,76.79105933,4
29.56672779,32.83101381,32.37712952,3
38.51593158,22.78355997,58.83041684,3
28.019532,22.53790737,36.29581071,2
32.30781749,29.95737947,44.52270095,3
25.18798178,26.24909827,89.1997556,5
29.02312094,27.54917193,38.54973257,2
12.12796648,29.89481674,59.93328921,3
17.63174743,32.25013355,67.08934406,4
20.8555928,18.44987892,72.14789823,3
24.17480065,19.38957382,63.57892101,3
11.36946237,12.3495485,30.58625085,1
14.20072293,24.45700352,49.58767849,3
18.30442923,10.89855684,61.0626986,2
39.14598073,21.63995045,35.27198995,2
19.94041021,23.56611587,51.03761587,3
24.46123174,17.1635313,31.99218653,1
15.88293138,24.77083151,34.71470983,2
28.32340213,10.76250625,53.81539657,3
18.42049647,10.93370472,37.96294524,1
16.20977735,30.56501402,64.0524509,3
25.49717885,19.00476604,71.36789815,3
10.16517397,13.17651282,78.03520195,3
10.22992098,23.0560815,42.00901465,2
16.57206427,29.24983883,40.04895494,2
11.10164088,15.39552569,36.27407042,1
13.24077262,25.5722619,68.18581497,3
20.16581948,12.13368662,72.38854359,3
34.07757039,11.29204303,31.89516869,1
27.1614593,23.28386579,86.17273477,5
25.38003178,23.51587804,33.11827702,2
18.8046647,25.93574754,62.47778012,3
37.95261158,28.15228334,72.54363117,4
21.91045124,34.39630199,82.25814742,5
12.612783,22.90750871,72.84521593,3
28.51199548,18.07391182,78.10368498,4
13.4151518,29.87965487,50.36701155,3
20.35669428,16.77080628,78.88950682,3
25.22235816,20.97428552,34.80689078,2
36.22667574,11.96140953,83.68899936,3
24.80639741,10.63376859,62.85554257,3
31.06776298,34.06621037,79.0378662,4
39.78450517,30.89950301,57.13909707,4
13.9446736,27.39935515,68.61466171,3
18.24194577,20.22382361,61.58415966,3
21.83728227,14.332358,73.89537131,3
22.65484536,13.91092607,34.89779892,2
22.33063226,16.25607245,33.62112504,2
37.22833008,23.73066662,44.82619404,3
31.42097933,27.86489807,39.57268081,3
28.23715642,26.50493442,82.307014,4
19.28118154,16.99834742,43.15283924,2
34.71371153,33.87163202,88.55191535,5
38.65181534,28.44742292,50.21374751,3
34.63594848,23.85885131,40.92707494,3
10.04695316,25.29301866,77.38191043,3
29.09204111,20.49000156,69.52246653,3
11.53406144,16.19327474,59.89174299,2
17.72821661,18.89931697,63.32181306,3
11.78574101,28.94615276,73.1521067,4
28.11386359,10.35983722,43.70728448,2
30.5976974,12.90181601,89.78003496,4
13.43462914,11.15006605,88.48758973,3
21.51516649,11.01822006,69.01954118,3
23.68709527,31.3865146,41.97254706,3
21.07159065,27.59144648,70.81369455,3
13.63075001,21.85434573,34.33190454,2
22.56843371,12.44585402,31.83915013,1
32.53534143,22.29039688,45.46097331,2
12.13022994,21.83679427,57.7573774,3
12.40540042,14.33004675,82.09635032,3
20.64313876,20.84629123,73.63014419,3
38.25177135,19.96261836,74.56239127,4
30.0571794,25.39625245,55.52960007,4
30.3600987,25.87734127,50.75609955,3
20.85759973,11.13260024,52.26232578,2
27.80982374,19.36531537,89.25897382,4
10.30393552,25.64649789,32.40655148,2
29.08288139,22.57840646,82.02188977,4
37.39860843,31.41224603,64.72052451,4
28.37720405,26.46734079,56.31692515,4
36.2109578,14.07336068,73.51545962,4
31.71919166,11.76421869,59.20013649,3
13.61675249,26.06048196,82.40539428,4
37.07359922,10.66278276,84.04211184,4
11.99331533,24.64438953,55.30325561,3
26.01902418,33.50575604,46.60966783,3
14.26411371,24.38685445,65.54101972,4
10.35119832,19.70424816,84.74180074,3
22.6610278,26.08220546,42.63973134,3
18.85122123,21.45632226,67.37799501,3
24.58001481,23.64041973,67.89361321,3
27.3159966,33.53662022,73.98678134,4
11.31217217,19.65256595,37.89406111,1
13.69009885,34.0297641,72.94949788,4
26.75927189,32.63376605,84.54195124,5
20.2950206,14.89477837,40.78098653,2
31.87520463,11.73403252,44.2525995,2
29.56874946,12.51945003,88.28370564,4
35.36813089,10.45554564,40.85861716,2
30.7747848,12.36107402,81.2631056,3
22.89793232,27.07516934,59.53667139,4
30.18899867,11.77971621,44.83386446,2
18.26143523,17.97439076,82.24499408,3
19.18940496,31.12188277,56.7183153,4
33.6695548,10.58179839,60.88904124,3
23.39258549,30.36171206,51.55400216,3
33.95141022,17.04636937,65.57705109,3
34.67267121,12.95412069,39.81143236,2
35.72687013,27.41842913,53.4648922,4
37.49905708,25.72357117,88.16473934,5
22.92955662,31.93680034,45.48800596,3
19.56600455,28.3767761,69.40419987,4
27.4659624,30.08702326,49.51140385,3
21.1351727,17.05086431,76.40838754,3
28.032225,14.43598859,37.85241964,2
31.16757588,28.76536879,88.1892627,5
30.65215055,30.17086848,57.22737248,4
21.23658661,34.76262855,44.1630278,3
15.00580605,20.31544192,34.40980484,2
22.91588015,19.30045214,40.18547431,2
14.27782432,29.41032402,61.18643691,3
36.70291106,18.52008851,50.22019059,2
20.37632382,33.26893314,79.73300195,4
14.63379242,31.4603188,55.85325142,3
10.7634328,20.72485068,44.92285636,2
29.37467159,28.77177669,67.0286992,4
29.10706952,28.86357185,72.40663301,4
20.218125,12.57809672,40.02251447,2
12.15135667,32.56382267,40.05715298,3
22.28886685,22.63130931,32.20028562,2
19.33652485,30.66143665,74.1841209,4
30.31361919,18.00124003,69.82827166,3
28.17337748,32.38808071,58.47785254,4
20.93781185,19.73004197,80.65022694,4
16.53677663,10.27094129,78.34020918,3
39.64107898,32.63454941,65.12126186,4
23.62004864,12.28216692,82.09627683,3
30.64822707,17.98284094,42.3504726,2
14.21658903,33.75154918,36.71517716,2
24.56769099,33.76517867,46.18497669,3
10.8261016,24.3359472,33.42521137,2
25.16365354,25.7959303,61.87017168,3
38.92052221,21.21113805,86.19634154,5
21.52620139,17.33026929,32.36061244,2
11.16988038,18.21661363,37.32659484,2
10.92867373,26.8129614,57.1319417,3
21.6396028,28.80936324,86.03250105,4
14.80074809,29.78947609,48.9693663,3
10.70056289,29.74045357,60.43408852,3
32.68640842,12.28015258,32.49437154,1
23.75569027,22.36050762,38.90059206,2
18.67734316,11.438969,89.19780738,3
37.00249549,23.73822206,87.90712179,4
13.48416881,21.03826253,30.29639886,1
38.67756487,32.19260457,87.10870713,5
19.41900152,18.77287531,68.34719627,3
36.65211017,12.92667541,82.07509767,4
28.08828629,13.57479205,57.28439134,3
34.80122079,29.03776579,60.93576171,4
39.5203949,25.45545158,59.33079482,3
18.65216313,12.5280669,70.01185545,2
38.83406456,12.10267015,38.37907529,2
21.68445685,27.52422829,31.79841539,2
21.56535714,11.81907516,48.4757965,2
20.21161313,30.54650148,72.28084576,4
26.24222822,27.65605568,42.11120713,3
14.6243513,12.03371952,70.405946,3
26.61134456,12.12094285,88.19472277,4
26.25114437,34.66598946,35.63404295,3
32.85705438,19.35676989,70.35612709,3
35.00949886,19.26605368,56.62501316,3
23.21324051,30.31998918,82.08853526,4
19.06999748,33.68121443,40.62898737,3
17.78004692,34.6500266,71.55755713,4
15.8387151,28.83445463,80.28691738,4
11.72942747,19.40648964,86.67685317,4
20.27343937,12.08751792,70.9948817,3
18.10743076,29.4286729,59.83048584,3
38.99252158,23.96010624,67.07083441,4
26.73126479,20.60555023,82.13429907,4
20.41831117,32.65885963,64.2365848,3
27.41402803,12.77993706,31.82322358,1
14.17590104,22.31562761,85.85692173,3
23.32131248,10.28384112,71.37160506,3
28.78702964,21.71651605,70.59080315,3
24.66693495,11.40758189,42.94050914,2
22.05336402,12.97044791,69.53312821,3
39.81545167,12.93815617,53.63186434,3
36.40944286,26.23025755,69.07397862,4
28.70217874,28.65112198,36.39558182,3
27.08132084,24.58421913,69.47071828,4
28.61981439,34.05431371,89.96482355,5
16.03936323,19.37176449,32.89272233,2
21.8541323,17.14280216,88.63045105,4
11.18378599,31.7149782,54.41447764,3
24.26638112,15.58989596,82.24520702,4
26.29073752,34.08056349,76.94312904,4
16.83249208,10.30386187,64.02097566,2
38.92086541,34.24697067,74.30695256,5
37.28363833,11.0789978,82.71093368,4
31.66429706,32.27857784,54.2484193,3
26.00159886,23.19252773,49.62198969,3
36.09907479,34.8241199,70.05560313,5
13.91957031,11.84491412,78.47075652,3
33.71529383,23.84635711,75.73710809,4
13.74462442,34.23256339,77.86881893,4
33.82631988,23.0774461,56.13499889,3
18.27302705,25.73496595,79.07005297,3
36.31271743,27.39371722,37.21254332,2
38.32126281,21.36352662,62.66934588,4
14.46387908,25.688952,30.34551963,2
23.88026815,24.6078578,49.47514979,3
39.42962134,32.52895026,51.98769209,4
24.50222308,11.13615951,53.7703615,3
35.90642568,17.02407974,71.7280324,4
27.66194566,33.7602871,53.31348608,4
21.25989724,32.2565946,56.92161736,3
18.57350667,21.39141882,44.25264785,2
16.09669273,25.50331495,52.3951075,2
32.85394574,16.93452957,43.63617764,3
21.5962152,14.70302899,34.39175543,1
25.33826387,21.59246012,66.2069156,3
24.7697644,18.8338057,70.09276791,3
27.31837088,24.5914028,67.16942076,3
35.96731437,11.94336592,57.80964263,2
39.42218031,34.35987019,52.78714681,4
22.22752626,34.65526861,81.80001897,4
34.82556766,27.45404285,61.14490711,3
32.93583384,23.40240916,58.75091266,3
27.20586854,17.73819041,31.53852395,1
38.68141431,30.34487549,50.47486966,4
16.01423547,27.11827931,52.81173713,3
13.27792631,14.06542348,53.92936685,2
35.61885901,32.77317961,64.81034215,4
23.1744945,30.56343107,62.0161528,4
35.40906563,33.74499783,66.47430557,5
36.79270616,28.14298771,75.89299569,4
11.87372781,25.3353799,78.77914432,4
36.50394289,20.45607591,73.08738457,4
23.44957166,33.31821208,87.33142176,4
25.31297467,31.65159724,31.09395496,3
28.79777533,11.13046675,41.74667914,2
37.7914782,10.65917436,30.4537725,1
10.57348283,19.41158417,68.84848285,3
24.30530405,30.26383327,83.88183294,4
30.63166127,34.68190323,44.60893779,3
31.68120873,13.76042228,85.62207269,4
30.77597295,24.85326788,33.61604342,2
14.03305388,19.52227142,86.06616161,4
18.98186765,34.24785995,51.09736123,3
20.76146576,31.05297308,36.08524971,2
34.13311623,30.95821762,59.15230555,4
18.36279617,21.71732899,45.40659406,2
16.32114892,20.37048756,47.09237412,2
38.72344057,16.8351768,48.4373979,2
10.26589855,11.40938742,78.18155387,3
39.93462567,31.61805941,62.3496766,4
30.30463897,30.32252523,48.67846195,3
34.85407898,34.99294183,66.620027,4
18.83858189,34.91592093,72.96904045,4
10.42945833,23.88579264,46.35744004,2
32.13608556,29.22468538,54.81294609,3
35.02433791,33.61914325,37.3131656,3
32.21428396,31.24118477,40.86896097,3
14.28550862,16.18370254,70.86707124,3
32.60283767,21.26360338,40.88630086,2
33.06768346,13.22898538,61.50980302,3
29.75621547,33.85127568,72.5427757,4
32.98347798,25.15436586,36.41261539,2
35.37764319,15.71607014,64.03873318,3
28.40812343,26.79251711,45.39376702,3
12.65814142,25.45320601,87.77561251,4
24.62883429,18.95406795,59.0127388,4
12.32948004,12.8389398,78.35955299,2
22.22629093,26.78932989,63.01359253,4
22.21319467,23.00769252,32.60475197,2
11.98029532,29.30795979,67.98908254,4
20.46461602,23.00408753,87.08420053,4
13.32994296,31.30453751,66.09670921,3
34.2470563,23.79767097,79.15133157,4
38.43064078,24.02344929,83.0523878,4
12.16949426,31.91634007,43.68478632,2
38.65345622,20.08707166,42.72269039,3
25.67729798,13.35038071,66.65885933,3
18.98697034,10.71956691,54.66170819,2
12.30586226,28.87843139,80.39167817,4
25.01872804,25.50773878,84.0013874,5
33.83546633,27.6019942,51.20528276,3
31.21259432,15.32410404,44.21223354,2
11.50678034,13.40928689,76.83153091,3
12.18705506,10.36361664,46.48836213,2
22.08619848,18.76468897,79.35685911,4
18.85871482,24.74794217,55.42429522,3
16.97152969,19.80610113,70.05299396,3
18.43013497,20.93687305,35.73211883,2
34.1044823,32.60396736,67.43155948,4
37.87684161,18.70638668,57.10606072,3
22.15308084,22.84973723,65.19650779,3
37.18333006,29.59132532,40.08085246,3
19.64487104,19.91356956,74.2124247,3
24.29310959,25.55216751,81.76782465,4
16.78086993,31.55909272,43.00438801,3
29.21428127,33.73801559,35.74287333,3
39.36943346,13.67683702,31.41831516,2
28.10479288,33.16469063,68.51829003,4
20.73442252,22.30290733,66.42564217,4
29.43452338,16.45610971,62.80184476,3
13.68762035,21.47839391,43.91682577,2
36.65977241,34.50081438,53.45435975,4
25.09251852,22.31545235,65.66858011,3
23.48049226,18.21879026,59.80601153,3
27.57594365,25.83502136,89.26713121,5
28.74351588,16.00364047,38.18638515,2
12.15327419,11.8965832,71.70867324,2
30.47851664,13.22199305,54.25912609,2
17.25795041,13.20114597,55.6919769,2
31.41857898,13.79756734,73.05586594,3
34.67604383,13.47067932,71.54616908,3
34.11875523,26.02186862,89.47535962,5
26.57502902,14.54700211,37.70365737,2
25.60509677,18.64168208,36.24657896,2
14.28627884,32.41971025,73.46032903,4
33.26038451,21.84904101,64.70321502,3
18.14228141,26.68894346,46.44963999,3
24.90086268,14.30799678,34.76516214,1
18.52822279,14.80722547,35.13949498,1
14.01485089,11.02171541,83.65145248,3
28.88673091,14.22337658,41.51203948,2
11.62996104,16.96475848,49.40229373,2
32.45935702,14.42526211,43.59938413,2
19.52760386,12.21756334,51.29977835,2
10.00404079,13.01589678,34.16543056,1
25.33387418,21.5194692,61.14358745,3
11.40555726,15.15834296,34.05675382,1
18.28508673,19.10674653,78.02139047,3
31.20929462,22.58543177,44.02272491,3
11.88068865,27.25987072,62.40071488,3
35.18015477,10.9828035,82.80474525,3
10.11459768,29.98525997,69.05264214,3
17.40471608,25.69750974,61.97746719,3
32.22712168,12.0439758,49.46002519,2
19.48810449,31.8394656,49.98011478,3
13.05677164,33.02181001,70.16921731,4
20.80701756,11.526949,89.64836167,4
18.11179859,16.9219412,69.71035139,3
35.28135706,30.15503199,63.46700504,3
19.40043753,28.70649226,73.83903061,4
33.66797415,14.61302548,57.91233674,2
36.75616434,15.23373308,33.60854056,2
23.01452259,19.26180257,63.73780895,3
37.29829432,22.11307463,87.45751707,5
21.31954162,25.45636929,40.51817654,3
38.92235249,19.22284099,71.40029345,4
12.67868574,21.5633679,42.05602132,2
30.610578,28.68677345,62.14966107,3
24.81442121,10.91708007,35.80058698,2
21.62946416,16.31092361,57.02225618,3
28.98135636,27.83373965,75.36979973,4
31.11571275,32.38017094,50.85429145,4
10.13089809,22.79193605,69.89470347,3
15.00859266,23.30283713,77.72699765,4
31.39138152,12.67930028,85.63066917,3
29.99156241,21.18530917,44.07852491,2
38.98142515,23.31543166,53.95895495,3
32.83113371,16.06176259,39.1449608,2
38.52318123,16.73108077,89.54901013,4
31.07621505,19.43210408,85.62005808,5
18.94156626,10.50177994,62.39742782,3
13.16094767,18.05197914,80.52199766,3
33.4547159,15.28620017,61.25747864,3
29.32447664,18.1874338,67.41514128,3
11.44558037,12.9940533,35.34746593,1
20.80151398,32.26318202,75.31622523,4
38.70399446,24.83981134,37.66280902,3
25.01203437,26.97755798,79.56405782,4
22.98187408,29.72928097,76.92168526,4
23.73098815,22.46105497,72.52468186,3
16.26648172,12.1730072,32.16962283,1
21.06121513,23.42766355,48.18770136,2
21.09439768,24.67102795,45.78675419,2
11.57065061,28.63598685,51.60818445,3
33.02702886,20.79148866,35.25856481,2
22.49513296,13.18950757,86.21746938,3
34.6653966,17.09439764,63.22813444,3
35.51044003,19.07705741,48.33145864,2
16.35982164,26.14793103,53.81889102,3
29.72060447,24.26945762,56.83215243,3
24.16845412,18.90241815,66.03566,3
36.40470214,34.66288122,60.94076566,4
16.47222038,25.14437048,85.16351839,4
30.33439601,15.93066979,59.81780897,2
28.23256367,12.54456182,89.52948089,4
18.85904433,13.82147848,81.08549746,3
14.09802711,16.14894321,42.51063086,1
29.54919281,14.01703433,85.83571288,3
32.15792374,14.6641756,36.98198387,2
19.46882031,17.12737922,79.04698251,3
29.34497812,14.33433988,52.83739761,3
21.85392723,32.41913562,82.67845923,4
31.3962065,12.00584364,82.08340141,3
15.97645825,23.11278474,78.35552401,4
36.70645008,20.25992067,77.40182618,3
18.62228789,34.55946542,48.28074835,3
21.03357963,12.80097255,34.85515698,1
11.74275856,19.94638998,54.17881073,2
13.34536637,34.23676083,40.4114709,3
25.47585708,31.63767815,71.69706533,4
18.0277803,30.42680177,50.76598359,2
35.06440677,16.44757068,88.53661205,4
10.44080166,14.27218968,68.45832464,3
21.37282146,26.7160805,79.34883382,4
20.1203664,33.23439973,37.95148036,3
10.57982893,23.91907233,81.72086894,4
13.73105197,24.29031724,85.36543143,4
22.40928025,16.99947734,59.22371513,3
24.78593753,29.23732333,66.37517627,3
22.12869242,14.67609371,75.88858805,3
25.92813035,18.09198091,40.49031764,2
27.85395025,20.63591097,60.15396459,3
10.29771463,22.69025947,53.91978167,2
23.92285478,16.06024331,38.78243953,2
38.90497723,12.87092062,52.05206534,3
25.5709684,25.26550106,34.09033856,2
30.32626802,17.21576383,31.54871442,2
19.35591574,24.53095554,38.10997735,2
33.21974134,13.85906788,87.7869067,4
33.18764446,22.02850255,62.97177215,4
25.63888143,23.31473581,87.94932967,4
39.2804147,11.29558842,55.9498727,2
13.76650644,18.41510695,48.70896799,2
10.50842995,13.36036692,60.36851177,2
33.10474635,11.58437426,56.37070132,3
34.21466612,34.74900581,36.33988106,3
13.60621687,18.05884612,68.44957888,3
17.96748499,30.24686115,42.96229095,3
10.5265709,16.36601637,67.17527729,2
18.79925832,27.03756806,69.01206554,3
33.19425622,29.0056965,39.12149119,3
25.53881583,24.89096852,33.68097763,2
20.4428678,21.78940471,76.84569516,4
21.15217885,20.29602285,57.58802543,3
10.04060877,18.72170666,33.48982773,1
18.99401583,33.23822861,89.69197903,5
29.39376225,30.76548519,33.46683366,3
39.22583331,34.12567277,71.70211373,5
35.41182481,13.10743059,89.02073552,4
10.70784894,28.27168688,44.35080625,3
36.95681814,33.45851142,38.53496212,3
33.4959524,14.53082665,37.28309637,2
33.41128371,11.66240668,48.19650885,2
23.73987277,28.52801623,36.06274866,3
21.94015879,24.36182783,71.5296805,3
19.08747186,31.04571942,33.73750789,3
11.97084577,13.49430942,60.56532769,2
16.8470609,29.8816828,89.80181123,5
17.39810905,15.040683,78.83821617,3
24.52231209,14.09139857,66.91316629,3
32.4233322,14.10664495,48.37521725,3
24.21429485,30.36436801,67.43375018,4
11.73533348,26.62993052,61.62248783,3
38.73369403,23.07663562,55.56500303,3
38.28172957,18.9707621,37.8426226,2
33.55568629,31.93001352,83.19625291,5
39.73983705,19.81112769,56.98707893,3
26.33446998,30.41498599,41.67735071,3
38.88305051,20.97837271,52.06556105,2
12.26815122,19.42361074,54.84778515,2
20.97042245,21.56699464,79.65227373,3
16.76143804,17.53444685,74.01686283,3
15.87499252,28.6902345,76.15829362,4
14.22408847,22.56800975,30.66187587,2
28.67240925,15.80531738,54.96923989,2
33.43965567,32.48936433,58.8806491,4
27.34895198,19.59728053,31.15153661,2
14.40888129,23.58882153,45.58879252,2
34.3337131,32.66180277,75.61738939,4
29.07864121,25.6059499,38.22658234,3
21.64497118,12.92245102,62.11860789,2
30.22390887,33.49580309,42.91211232,3
17.79714938,25.69270133,30.72724648,2
20.35576625,18.37264037,44.47208746,2
37.52457529,13.48180182,88.55242529,4
18.71513517,29.85062973,78.09222671,4
24.09964804,25.5018189,87.57459866,4
36.70423412,23.3365273,59.27124264,4
31.23164051,32.34731458,36.58417192,3
11.86609678,29.71493028,62.87756934,3
14.41909133,13.79187199,57.26264007,2
10.23524772,17.79305169,80.66142496,3
28.92765371,16.2122285,35.88495485,2
23.43020276,28.59865731,59.29446822,3
14.02824553,10.83831087,39.00291988,1
38.73802363,24.24724212,49.48055561,3
25.88979172,29.06146714,74.24142464,4
17.25679882,31.91914092,58.56108776,3
25.01810713,18.55204372,52.55329711,3
30.38860998,30.53143262,53.66857671,4
12.28717654,12.76579342,57.5668061,2
18.24111445,31.16130729,77.10099263,4
34.20896473,13.18721656,83.52508134,4
23.78994611,19.93218226,87.32008119,4
26.39731426,29.93238414,77.21420318,4
22.98448007,13.74793568,48.92441374,2
11.31699828,15.73128488,71.28808237,2
14.97249339,28.05631421,56.25618744,3
23.36624916,28.00091341,45.28023732,3
16.27556396,26.02869082,80.45229477,4
11.49937086,27.34871111,32.30558094,2
35.30948992,23.56811108,84.10571953,4
39.43577587,16.29497647,57.68864788,3
33.79428622,18.64239984,68.23208861,4
35.61354765,14.53994292,69.56123533,3
17.25931391,32.71126403,83.70706444,5
38.81880927,24.58479487,68.20018093,4
15.90777113,20.02128542,66.83601509,3
38.54289431,21.55014509,33.99912243,2
39.84457882,33.68208349,61.10448132,4
31.35168417,13.83378508,39.01014005,2
39.43431195,24.6557458,74.24602612,4
27.08619339,22.64721697,60.73331525,3
17.7862535,25.28635589,70.81366675,3
23.10987657,10.4527546,32.50037404,1
27.80682806,31.80309772,35.08752096,3
12.19244686,33.30295706,72.97940328,4
28.67029794,24.12832959,34.32506016,2
39.4353351,27.4162706,34.27540367,3
15.70322949,33.06248453,30.72650851,2
33.77785349,27.68096586,87.3900839,5
37.23696381,13.81347607,74.25050157,3
38.31104778,24.407209,51.19508451,2
38.80406813,25.16787616,47.79213488,3
25.64378916,20.60326678,50.98219378,2
39.31923724,28.41110589,76.47921187,4
32.71930621,33.35917537,69.68223666,4
14.85014309,33.13921282,41.11173407,3
24.30700319,21.27098429,40.44656012,2
31.54993526,12.83095115,35.90373898,2
17.42020947,34.62102997,69.61816318,4
29.21845551,30.97245216,75.86235973,4
29.99801437,13.11656703,45.9027857,2
14.88099231,33.02104707,31.25669766,2
26.95255937,31.74740905,34.93030005,2
33.14880733,22.97095143,88.07160209,4
24.96686994,24.78188589,47.72668665,3
10.3630935,19.9750676,76.15338887,3
10.27115407,11.36904097,67.47981413,2
20.71088032,18.37993104,52.91637838,2
37.78582205,30.07133621,42.34123573,3
16.86030339,10.11580058,37.28318509,1
29.03091067,18.33747929,66.90077808,3
16.66227612,19.95421734,76.47802684,4
19.65009969,23.43489007,68.63425521,3
35.44126269,32.99639041,61.81812799,4
31.86584327,18.65864986,32.51707341,2
12.86197832,18.67383005,88.10932666,4
22.86106063,28.4375312,77.9228515,4
10.87509291,21.30544852,47.5693222,2
24.4267044,15.61512057,88.79821976,4
29.87302035,21.3109879,66.11289538,3
13.55507871,13.52142551,64.94535949,2
18.66654817,14.40967466,74.88439077,3
21.93509877,22.45919432,78.70618729,4
37.58593074,20.47313624,69.38871644,4
39.79765046,32.87114753,37.68574478,3
11.34733897,19.05984748,50.29605036,2
32.8302377,24.51470876,85.68501842,5
21.15172199,25.8066072,43.47693671,3
21.77374559,10.32736141,52.33002143,2
32.6279492,26.5884343,55.92461298,3
37.55279296,14.45089917,56.36429938,3
38.52785784,34.02675794,66.77637495,4
27.31367758,13.71656819,86.58455026,3
20.71363478,20.36560309,44.44156271,2
33.62647258,12.1337417,37.29008258,2
17.5300415,34.9218563,41.84822939,2
26.92222087,22.55487526,83.21549401,4
20.75735385,24.88462543,68.74864876,4
29.69893221,11.67691193,47.15440735,2
17.21196739,28.74901176,78.95681634,4
15.74778837,15.24763983,81.68219978,3
37.5471726,32.45135724,80.79086032,5
13.05411049,15.12849101,85.13559202,3
25.17873723,14.76719302,45.13446121,2
16.62558349,10.9137417,75.30251572,3
11.1678989,21.80167363,57.63236984,3
11.08056455,24.12102833,80.51991317,4
15.25665316,11.64271599,73.70944063,3
36.00311064,29.38819042,76.58684679,5
18.47436232,21.33222087,69.36971026,3
38.51377512,23.10975673,40.64572617,3
27.44866879,21.01906867,62.70161513,4
23.09842569,20.01907652,89.08018437,4
27.40266504,23.99100828,86.24328399,5
25.50095156,13.88100615,32.59042415,1
32.76328761,14.54820326,39.88888894,2
18.47488198,31.54464053,37.90372641,2
20.59151175,33.65288655,73.5587946,4
36.82282908,19.33273291,79.06711979,4
38.39369539,16.76861683,42.81068198,3
36.77674682,26.09998858,60.35116158,4
22.58343982,20.21835428,80.44218168,4
33.41096509,10.63465889,73.96809269,3
24.290072,13.90381493,62.53423233,2
24.92619556,27.89930572,65.42086143,3
16.14040327,26.47309855,60.50163281,3
27.7339091,10.67739981,47.85290708,2
15.58407693,15.54930405,63.90131957,3
19.94694097,15.77686991,71.33311812,3
35.65090605,26.79731859,82.39937495,4
16.21227428,10.49276344,68.17748124,2
12.13474856,12.60271455,75.66729222,3
12.07022778,29.99790213,39.6042981,2
38.22353562,14.46361655,57.69344847,3
25.20761314,26.3186527,30.55989719,2
22.28236215,15.95456953,44.80073187,2
34.32635743,12.48603482,73.58770291,3
35.07477784,16.07930477,89.50859708,4
19.96573099,28.0566733,35.95068598,2
30.80854172,31.3924117,54.08965895,4
33.13368448,30.75549661,78.00425812,4
29.63952061,19.92958824,42.24213808,3
14.54785224,26.70212841,63.30509696,3
36.27649251,15.12460739,73.98427776,4
26.17283658,17.32869326,66.95912702,3
18.47417279,32.40839546,41.28148408,3
22.75684556,10.32504809,51.32307412,2
11.12713271,12.13771327,77.02750707,2
13.83600404,15.19715638,63.25359085,3
32.96640252,10.6633051,30.31377681,1
10.00034904,14.53588588,75.6594456,3
22.49697485,24.57603902,32.1186813,2
25.67530543,20.53561376,74.74402696,4
11.6390326,32.31679278,42.14883361,3
39.19234489,30.43608904,87.48440881,5
16.78375994,18.54543379,52.07644508,2
19.12596159,16.48558584,49.61589698,2
19.11827537,19.4923102,38.93328302,2
16.91249986,24.75737356,48.33625293,2
10.04421466,16.70159102,82.59904571,3
31.88034382,25.6037227,89.78006026,4
39.00536499,20.2352913,52.09857183,3
16.7288045,23.80117952,56.91663786,3
29.89141575,20.90316323,73.32425629,4
32.25688981,17.36164399,83.17174683,4
35.45276137,33.71133267,65.58266005,4
22.67887591,29.09014485,53.49154189,3
19.08792717,13.50282939,54.75731045,2
19.75885402,31.7116994,71.73708879,4
31.37863999,22.18577996,30.19309582,2
34.503384,32.36380567,67.17536025,4
15.44841903,29.9963814,51.32958063,3
21.12823024,20.63033761,77.65183988,3
37.0582059,10.56173271,35.57943839,2
34.20080559,16.71693398,65.29213602,3
39.54575208,23.54085537,58.85837339,3
32.62744779,25.8369555,68.53953155,4
21.79585603,16.44719214,33.89121567,2
27.71913502,13.48390185,64.79902725,3
29.83042763,30.87325592,63.68907528,4
12.35367449,34.61005452,63.63960566,3
26.33490877,23.14225456,66.20926,4
31.27962485,14.29198215,70.58807623,3
15.01963912,16.80768316,78.29933998,4
33.41895152,10.45976691,46.18924321,2
27.51318342,32.85747016,79.50296461,4
38.56665357,12.94377707,59.89534094,3
11.27266895,24.41291189,34.62349675,2
17.95978413,16.85138052,33.51305575,2
28.04661638,23.85445006,50.05429912,2
18.89679737,26.28550971,77.09381863,4
31.43272492,30.74354509,72.46085608,4
32.77015848,15.16053179,77.31689788,3
13.07547892,10.27489572,61.03614339,2
25.41563393,13.42214075,56.41193988,3
25.26671667,32.50046605,38.8471516,3
21.07842311,31.84725194,49.69156522,3
37.98774588,24.93532755,56.04116197,4
34.8251896,25.01292151,35.31602578,3
30.91628146,26.62591686,43.23671716,3
31.42979907,14.38428197,65.89351764,3
23.85148431,32.86029865,74.13978685,4
37.62983563,20.46926312,89.90085068,5
30.83786282,19.57846321,85.98679988,4
31.86943185,22.97294263,68.55391197,4
35.85072711,11.17414917,55.2748832,3
18.22214768,14.15708422,68.17064188,3
34.21212712,28.45084041,77.13909708,4
15.85721809,12.0699667,37.10017146,1
20.36025857,25.07880274,54.59429338,3
20.06831363,16.13372774,80.38813714,4
39.35576405,19.73239035,53.02997712,3
35.69611671,17.21734342,64.31233627,3
31.03509585,18.89181791,65.26616165,3
31.81170285,27.97614763,41.06857519,3
26.86218383,17.42804289,51.7341265,2
38.41272001,24.16011601,50.07067732,3
24.88776259,21.90126005,31.57180251,2
21.4155313,26.59177913,31.45150583,2
14.89106011,33.42074348,79.90182262,4
33.58616957,28.31430243,46.3842486,3
32.03331796,15.37350946,61.08472597,3
21.53065116,10.77957838,47.92353442,2
10.75580242,16.55660111,86.44075471,4
35.16991983,24.87694827,45.55780553,3
10.3425395,11.28564534,55.77940876,2
31.11099339,22.40915618,82.36381503,4
39.10771329,24.92107122,80.51601401,5
23.12983984,18.35609727,41.16608507,2
17.04920215,29.27280509,78.15859859,4
31.1461303,12.66495633,57.4912132,3
34.51384426,11.87844454,58.97813233,3
26.39290948,28.20471891,38.00879834,3
39.01105826,22.38728291,34.83609083,2
11.55006165,27.21005991,73.67635842,3
25.14386795,20.87068347,59.78766914,3
31.55361842,16.16005083,56.21104216,3
35.87921413,30.47755794,73.77049372,5
15.37766836,29.98539697,75.93077394,4
34.00010445,27.36741177,39.53449006,3
26.58121227,16.80362843,66.61350897,3
21.89661046,24.75576667,38.12124494,3
13.95145086,19.02434742,75.08250516,3
35.95887277,12.28955183,69.41730938,3
14.71819625,32.93283939,87.39687727,4
19.29363578,13.42046577,34.13748098,2
18.70136596,33.75593385,33.42328327,3
36.14242103,21.15014432,46.93122448,3
